"station","prov","year","annual","winter","spring","summer","autumn"
"AGASSIZ","BC",1892,9.78920706148314,2.23667744327386,9.71911653371023,17.0200202481317,10.3196188613914
"AGASSIZ","BC",2017,10.8700940059648,3.99468932712971,10.3992511432269,17.8302415154227,11.2484395073407
"ALERT","NU",1949,-18.7253862346973,-32.9149732620321,-23.506542464268,0.984277066731895,-19.542804693112
"ALERT","NU",2019,-16.4961321422766,-29.41637002155,-21.9643379971987,1.8036829805285,-16.1855535158433
"AMOS","QC",1913,1.04556632200831,-14.4619007316705,-0.0432260118243484,14.9461057398324,3.44418259304926
"AMOS","QC",2012,1.22911432505664,-15.1818157801967,0.522293212041099,15.7326760109614,4.16379376710494
"ANEROID","SK",1921,3.4481530759651,-11.6326570435076,3.42850560984801,17.1152621124042,4.6149699601801
"ANEROID","SK",2006,4.5512985034097,-9.65597150508329,5.01646624306247,18.1556272558713,4.92013927171276
"ANNAPOLIS ROYAL","NS",1914,6.56830492253847,-5.10741110391151,4.57936819048277,16.9183343013812,8.92233962888767
"ANNAPOLIS ROYAL","NS",2007,7.17640649749578,-2.48915617279215,5.20265194345931,17.3988664979966,9.76902733100147
"ARBORG","MB",1960,0.178555171948219,-19.5023607184847,0.62413153687514,16.5910371566859,2.73651447311284
"ARBORG","MB",2017,2.44348805138195,-14.4240566023975,2.47116806433016,17.8914221698046,4.26067700923944
"ARCTIC BAY","NU",1937,-15.4135237639232,-30.3514897670075,-19.8512193239156,2.10325320948553,-13.4369566078622
"ARCTIC BAY","NU",2016,-14.2608348873545,-28.1387855159072,-19.1403152347067,2.85888931347262,-12.4273240710038
"AROOSTOOK","NB",1927,3.64340123248602,-11.3553075014969,2.14653404826708,17.3815177026486,6.00989846490823
"AROOSTOOK","NB",2014,4.79943659222383,-9.43901902562411,4.20606295154305,17.6268353950722,7.17931876821414
"ATHABASCA","AB",1918,0.568081168572718,-14.6412987801479,0.993035376507336,13.7685033272927,1.653857378433
"ATHABASCA","AB",2012,2.58559156435148,-12.4644060659657,3.73997823773909,15.958203641937,3.19074163366707
"ATIKOKAN","ON",1917,1.9481284996883,-15.0273329252436,1.58482865445134,15.9983346639996,4.22474121199052
"ATIKOKAN","ON",2019,2.64140753685511,-13.4541301210417,2.68877491718442,17.7367397889401,4.853854863058
"ATLIN","BC",1904,-0.347443376105762,-14.3057871829113,-0.712803382913389,11.0546938773545,1.46719320631698
"ATLIN","BC",2019,1.34709523917216,-10.2434593019386,1.10650947714923,12.5012941384376,1.96413890944225
"BAGOTVILLE","QC",1883,0.690583875909013,-15.7707640053989,-0.467146701418649,15.1335449425388,3.49744352441368
"BAGOTVILLE","QC",2019,3.74189101005226,-11.8476648748711,2.93912071038029,17.8936540318415,6.19708887294203
"BAIE COMEAU","QC",1965,1.7523510328023,-12.4067327158595,0.338382209240024,14.6863683140133,4.43499974162304
"BAIE COMEAU","QC",2019,3.20991891717276,-10.2801876949259,1.66065113004739,15.7336928728158,5.85859841578019
"BAKER LAKE","NU",1948,-12.7204708084661,-32.4539749336749,-17.3967687139749,7.65586239923378,-9.02572807649544
"BAKER LAKE","NU",2018,-10.2394973883113,-27.9649071448175,-15.8314749780509,9.7292122276319,-6.38080618360065
"BANFF","AB",1888,1.57382331141565,-9.25450047123961,1.26112921446619,11.9146020799771,2.25147939084364
"BANFF","AB",2019,3.13476501656502,-7.58012164606971,3.03250357781962,13.5868357968582,3.46725428212501
"BARKERVILLE","BC",1887,0.530460067440185,-9.02046851089051,0.197457501704474,10.3117339569332,0.708871176977272
"BARKERVILLE","BC",2009,2.27578342679254,-7.09909633302288,1.47640936272357,11.7530941087822,2.69916417592909
"BATHURST","NB",1921,3.34194760455211,-11.128874353526,1.59649410710466,16.8891278135048,6.00067708111337
"BATHURST","NB",2019,4.81593126610213,-8.6452009648372,3.07058836648187,17.6394895498392,7.21360458205037
"BATTLE HARBOUR","NL",1883,-0.206278085251659,-12.6684125788677,-3.31566934450608,11.3391646946199,3.72376527981359
"BATTLE HARBOUR","NL",2019,0.628389942044469,-10.2589415399276,-2.42197105886225,11.0295231859085,4.09233027559615
"BAY D'ESPOIR","NL",1967,4.37777315296567,-5.91836832169599,2.32232303285079,14.4380067643743,6.61843256938847
"BAY D'ESPOIR","NL",2010,5.29057232049947,-4.80937445508368,2.8276061972404,15.3429943630214,8.08511075281201
"BEATRICE","ON",1878,4.16131111118857,-9.40333692299956,2.85643557940704,16.9622795202429,6.3792118283194
"BEATRICE","ON",2018,5.03639997536553,-8.58958193657604,4.17455166364478,17.2195517430863,7.1804884220026
"BEAUCEVILLE","QC",1914,3.65486200454965,-11.6775078011154,2.65096081966442,17.1367756969068,6.37436150468583
"BEAUCEVILLE","QC",2016,4.87306429744348,-9.23440022487812,4.03618165082617,17.8928281601544,6.9771945248659
"BEAVERDELL","BC",1938,4.86759625696488,-5.91280188194426,4.36096621739892,15.3949657031639,5.66914635957916
"BEAVERDELL","BC",2005,4.90753762113357,-5.44573590686229,5.63722650096271,14.7736180485132,4.71910954524611
"BEAVERLODGE","AB",1914,1.68275075431492,-12.5623999864293,1.87136333678561,14.1579606715811,3.16853226727584
"BEAVERLODGE","AB",2019,2.62600089672296,-9.96701177827663,3.15076679386565,14.7207362081812,2.692957870228
"BELLA COOLA","BC",1902,6.71420670532455,-2.01530649945055,6.6989435986225,14.9632096271817,7.28434422748727
"BELLA COOLA","BC",2017,8.66501739604835,0.888244378118017,8.65315227123121,16.5756313213377,8.35923895922231
"BELLETERRE","QC",1950,2.25610307486846,-14.1741855450015,0.959008578915249,15.6064852947518,4.77688931278651
"BELLETERRE","QC",2000,1.74708442613719,-14.13587592829,1.64557306435981,16.249759045237,4.17933515764664
"BELLEVILLE","ON",1920,6.72958439390359,-6.74694676938311,5.41768441627249,19.4240698361177,8.83004567524529
"BELLEVILLE","ON",2019,8.42218512632757,-4.80618724707121,7.03877167171108,20.8858501471825,10.464835650867
"BERENS RIVER","MB",1908,-0.104666505551187,-18.9834700752436,-0.589799462414303,16.9903135649233,2.81617891253726
"BERENS RIVER","MB",2019,0.703636450571318,-16.2981996809246,0.125498431682178,16.1974682580785,2.66384885730501
"BIG TROUT LAKE","ON",1940,-3.60251699533681,-22.390151771903,-5.68615857309766,13.78464596476,0.317033295474918
"BIG TROUT LAKE","ON",2019,-1.45233574919939,-19.7229015834027,-2.42260406166406,14.8631065379884,1.16752645107298
"BIRTLE","MB",1903,0.679751930440919,-16.7314947435451,0.0515397594378513,16.228315393314,3.05026356357995
"BIRTLE","MB",1996,1.61456733412383,-16.0822507314674,2.61629477704304,16.9657694196567,3.00648370483442
"BLIND CHANNEL","BC",1957,8.77953800347919,3.20248569384834,8.10065625097596,14.9060499234829,9.04988123912753
"BLIND CHANNEL","BC",2017,9.79529472768634,4.49272174535052,9.07613174989849,15.6787708079578,9.7193914759802
"BLUE RIVER","BC",1945,3.67979880108177,-8.9492381107422,3.73539829510912,15.3983824737813,4.53575788061704
"BLUE RIVER","BC",2019,5.35191752946547,-5.2709801491024,5.7749101633746,15.7652017091201,4.85860831656606
"BRANDON","MB",1889,1.10336881681841,-17.3392098370399,1.46774955558165,16.9522311510652,3.34388528190168
"BRANDON","MB",2019,2.80036353169016,-14.4590963709677,3.06062433316007,18.2170172875495,4.32672228615054
"BROCHET","MB",1947,-5.63818329106792,-26.3356495512146,-7.32739367322381,13.3206305559062,-2.31014373313292
"BROCHET","MB",2006,-3.34071412917568,-22.0321824846135,-3.87151985960914,14.0266539245208,-1.9320468093465
"BROCKVILLE","ON",1914,6.17202062713433,-7.99435298899492,5.36397428102149,18.8491229453021,8.47736805705826
"BROCKVILLE","ON",2019,8.03676678388585,-5.32755989494661,6.64075929026042,20.3549507583536,10.2223338806648
"BROME","QC",1889,3.78865854551393,-9.81837899201699,2.74643734709723,15.7553265852491,6.16582851278228
"BROME","QC",2015,5.71654924223225,-8.30486838177841,5.00862239790612,18.4058999043945,7.71708606657387
"BROUGHTON","NU",1957,-11.7340209907124,-23.6554243197941,-16.7336649703449,1.71388233510304,-9.03788965215915
"BROUGHTON","NU",2019,-10.2601978297287,-22.427557623894,-14.864979366939,4.30231364593935,-6.42087773381557
"BUFFALO NARROWS","SK",1964,-0.646880630924798,-19.0682917003459,-0.163201223866352,15.1187589740702,0.87617997155192
"BUFFALO NARROWS","SK",2013,1.82316121745482,-13.9141891316082,1.8235952526766,16.852546055163,2.95506974771044
"BURWASH","YT",1965,-4.65981033841582,-21.7997047023514,-3.05319591254567,10.7486872525922,-4.17878315329325
"BURWASH","YT",2019,-2.35220899962813,-16.6163292568782,-1.64331490201441,12.3428579707017,-3.70891891891893
"CALGARY","AB",1884,2.62688242203164,-10.1047152057799,2.4870149871556,14.3618811683207,3.65207840906917
"CALGARY","AB",2019,4.90613018816697,-5.93467873361405,4.40237895223833,15.843583397087,5.33731553032477
"CALMAR","AB",1914,1.4821547695579,-13.4650641671706,1.7794717552049,14.3304306477457,3.00676732858868
"CALMAR","AB",2008,3.3205108916032,-10.1766951035279,4.104326924217,15.8099018659188,3.74712252267182
"CAMBRIDGE BAY","NU",1939,-15.9175298918597,-33.3196725026914,-20.9958356934493,5.16917933905249,-12.9719254521654
"CAMBRIDGE BAY","NU",2016,-12.8831707895934,-29.9838347781744,-19.1657254524342,6.48969776737454,-9.56751308046402
"CAMERON FALLS","ON",1923,1.47655176335316,-13.9851988035665,0.206850886730123,15.3908917735316,4.25611910803285
"CAMERON FALLS","ON",2019,2.74408879244089,-12.6784164844591,1.89942265439845,16.4468333300603,5.42318745677455
"CAMPSIE","AB",1911,1.10622982585715,-14.3807218206579,2.29715645667138,13.9510993695675,2.39285372554093
"CAMPSIE","AB",2014,2.30239578311845,-11.4287998071303,3.03859661472523,15.3850901433672,2.74568515470556
"CAMROSE","AB",1945,0.584750423981291,-15.5905669095052,0.958163493260912,14.4296883598078,2.34150122810578
"CAMROSE","AB",2019,3.31321278886345,-9.76226183568656,3.95074848344551,15.7235594971691,3.22723000916706
"CAPE DORSET","NU",1928,-9.8930753979274,-23.9735872952347,-12.8348524167313,2.87489778954293,-5.56888530484089
"CAPE DORSET","NU",2019,-7.40223985781609,-21.056058210427,-12.425998203078,6.52659886525915,-3.09130411918598
"CAPE DYER","NU",1958,-10.4754791341866,-22.8286889222437,-15.3721998659964,3.50630255212019,-7.83419867967465
"CAPE DYER","NU",2017,-10.8552431021355,-22.5774775595546,-14.4612218000618,2.69351500666415,-7.78073271297568
"CAPE HOOPER","NU",1958,-12.2293858712666,-24.5113072866591,-17.0575638650312,1.72583565761803,-9.16529477028486
"CAPE HOOPER","NU",2019,-10.4541024056252,-23.2643111033418,-15.5407335861125,3.87021969915142,-6.26555959747132
"CAPE PARRY","NT",1958,-12.6658733004358,-28.6076334077696,-18.0833547106052,4.10105085501387,-8.69979494794154
"CAPE PARRY","NT",2017,-10.0990384214503,-23.5154107149732,-15.0130888102315,5.34101951132965,-5.98685457213058
"CAPE SCOTT","BC",1920,8.58006626591088,4.42115947214421,7.93568921344551,12.6947233072845,9.32465042329695
"CAPE SCOTT","BC",2006,9.04475203956071,5.52757837885924,7.47527450171125,12.9523452150397,10.0929325940924
"CAPE ST JAMES","BC",1944,7.87379100879264,4.01315559136949,6.40352651341798,11.9952899159664,9.40349508847648
"CAPE ST JAMES","BC",2018,9.83730618322775,5.84220792753241,7.95269188873813,13.6764579831933,10.6749410247729
"CARIBOO LODGE","BC",1915,1.80336141572106,-9.43470195630695,2.87901060483434,11.6317813686062,2.6746471127406
"CARIBOO LODGE","BC",2008,3.1991544141004,-7.56843155423021,3.27512855422935,13.6955246700884,2.63032080659945
"CARTWRIGHT","NL",1933,-0.686560193953884,-12.221714841556,-3.06008717967609,10.1018548396999,2.68134120508395
"CARTWRIGHT","NL",2016,0.510500509369123,-11.8544145037303,-2.12528873663143,11.832776979654,3.92129452377216
"CARWAY","AB",1913,3.51905537088523,-7.33779550936167,2.42582274453838,14.4839609113079,4.771476469595
"CARWAY","AB",2019,4.74494670284382,-4.5745322901457,3.76298332701499,14.6195685550113,5.19450997419013
"CAUSAPSCAL","QC",1913,1.69398461973265,-13.4670781651674,0.628796957398187,15.6081545657073,3.8931206589265
"CAUSAPSCAL","QC",2012,2.96313522618421,-11.3854149330275,1.70178225363209,16.0292910413072,5.41118900235191
"CHAPLEAU","ON",1921,0.803434975397174,-14.3721186378483,0.0664465580622391,15.4175990335432,3.50239816781767
"CHAPLEAU","ON",2016,2.23471684277337,-13.6466606383344,1.33755476579174,16.1275613846873,4.19190194245256
"CHARLOTTETOWN","PE",1878,5.17663924832811,-6.99492837797723,2.44188238560031,16.9820079823532,8.26092800743809
"CHARLOTTETOWN","PE",2019,6.14510878750127,-5.35979441460891,3.39503884405195,17.5850947681776,9.01048021065108
"CHATHAM MIRA.","NB",1878,2.93582809179176,-11.4030554800844,1.36231396983333,16.1348790342528,5.60958168680081
"CHATHAM MIRA.","NB",2019,5.57772042513337,-7.55201698368378,3.79130921857245,18.2796137193704,7.79178569271
"CHELSEA","QC",1926,4.82185211054337,-10.720944489356,3.47812270697929,18.8999317168181,7.71223133043444
"CHELSEA","QC",2010,6.01063288860181,-8.72641260329252,5.42417179683709,19.4488972526511,8.0650834717721
"CHESTERFIELD","NU",1929,-12.0216110003691,-30.6924666996597,-16.6669368923096,6.10748094827886,-7.63819129147753
"CHESTERFIELD","NU",2014,-10.638162809144,-28.1432446789199,-15.3108064601969,8.34114886125656,-5.28741774506469
"CHIBOUGAMAU","QC",1913,-1.65910152915769,-19.0193761439288,-3.49385710336075,13.7881568534752,1.79220356118188
"CHIBOUGAMAU","QC",2017,0.382539159022635,-16.3399417224803,-0.622788895606114,15.2021839452292,3.15689460001402
"CHURCHILL","MB",1931,-7.39452994692951,-26.1939882001749,-10.8750812376754,9.86951927536626,-2.8031796632042
"CHURCHILL","MB",2019,-5.49675890826386,-22.8052636214373,-9.19287975877705,11.2193744031866,-1.27956411557224
"CHURCHILL FALLS","NL",1967,-4.04207314138056,-20.4600961834887,-5.37775213222394,11.414351727078,-1.48021686452776
"CHURCHILL FALLS","NL",2019,-1.97765805707918,-18.7343543438835,-4.46831215584777,12.992458580998,1.81058822976934
"CLYDE","NU",1947,-14.0512818934797,-29.3884237865479,-19.2777112695925,2.40580776739302,-9.4338447420624
"CLYDE","NU",2018,-11.5999881417348,-25.9987885123427,-17.2476726596377,3.90006913420925,-6.91988775792053
"COLD LAKE","AB",1924,0.746804771053839,-16.2642285797584,1.65430230105184,15.4144521689498,2.4647062016444
"COLD LAKE","AB",2019,2.71936504979779,-12.6519034608039,3.48672503440203,16.5850427966412,3.27002351989028
"COLLEGEVILLE","NS",1916,4.95534509468427,-6.14159486233272,2.20244942603662,15.7899951460791,7.7833966434857
"COLLEGEVILLE","NS",2015,6.32290434460912,-4.51346756713182,4.01805283335727,17.3408088252383,8.88588581337871
"COLLINS BAY","SK",1971,-3.85846331600231,-22.9943945858467,-3.67023531905873,12.8478424552821,-2.51022221799789
"COLLINS BAY","SK",2019,-2.99607163489312,-20.3073267618067,-5.07762702282519,14.3860476226877,-1.15629300840208
"COMOX","BC",1934,8.94231805297553,2.85701850552854,8.16798032379979,15.9206467839905,9.21215096280776
"COMOX","BC",2019,10.4606068991405,4.29137254485001,9.36604001040461,17.6746303548263,10.2924443290247
"CORAL HARBOUR","NU",1944,-11.9162484724637,-28.913172950748,-15.9372906962525,5.58512239678483,-8.51920373587321
"CORAL HARBOUR","NU",2016,-10.0627967200425,-26.7483229813665,-15.413249030049,7.63226890756304,-5.83777397236352
"CORNER BROOK","NL",1932,4.38067601375031,-5.68046966270524,1.76634426713536,14.905509631915,6.91312737128455
"CORNER BROOK","NL",2019,5.83323042966012,-4.25173123753332,2.7518882551215,16.4598063322497,8.23126876863754
"CORNWALL","ON",1949,6.16840522935364,-8.24786353500109,5.40550170105973,19.2174551975976,8.53933661765999
"CORNWALL","ON",2019,8.34745764610386,-5.56329666085585,7.20952348729495,21.1944783592884,10.3604513279333
"CORONATION","AB",1930,-1.15923731149347,-16.9118351841938,-0.636541784618856,13.3739677314763,0.638681607652892
"CORONATION","AB",2018,2.47211547295613,-11.8730318526449,2.72983539113304,15.5553697464381,2.87133445231123
"COTE","SK",1911,0.560710462333127,-18.229801200149,0.974344793002334,16.4814873671407,2.72082199975002
"COTE","SK",2007,1.38306626808357,-16.0548107054616,1.99111691575769,16.8843623638491,2.66055451726375
"CRANBROOK","BC",1900,4.52237800765949,-8.10665284377119,5.35223411958122,15.6203936793347,4.92920119793928
"CRANBROOK","BC",2019,6.42389060383783,-4.88838355890636,6.75346664622251,17.8315751466277,6.04995930858028
"CRESTON","BC",1911,7.30313277602128,-3.18701106419726,7.3245145907324,17.7361390063198,7.15100598121035
"CRESTON","BC",2015,8.75432961703385,-0.708974021224883,8.76351078297951,18.8129536993736,8.40760396924793
"CYPRESS RIVER","MB",1949,1.95378890172523,-16.2661948830977,1.81409130816506,17.8470699733766,4.0036737277572
"CYPRESS RIVER","MB",2018,3.84354230622635,-12.6816996230574,4.22120280948202,18.6095550437235,5.40544344253725
"DANIELS HARBOUR","NL",1951,3.0482707878744,-6.63531488040367,0.164294882785802,12.5705454474836,5.88441051296415
"DANIELS HARBOUR","NL",2018,3.50307287252268,-6.26367958856921,0.541513039066702,13.7348775954681,6.84905642154875
"DARFIELD","BC",1912,5.99224285041902,-5.90879197105291,7.02595402479542,16.8209750536482,6.65886754493554
"DARFIELD","BC",2018,7.81251509599565,-3.04772428923419,8.54066260054234,18.6336009241538,6.87106271710389
"DAUPHIN","MB",1902,1.42973303935891,-16.4398048776895,0.982794192378734,17.0661460059272,4.11964673910511
"DAUPHIN","MB",2019,2.44064858788452,-14.1871017818078,2.36568623608352,17.5776218701676,3.94482078270691
"DAVIDSON","SK",1921,2.13911810152192,-15.1978643122165,2.20456457132727,17.2865776702095,3.69546676151347
"DAVIDSON","SK",2008,1.81759325050119,-14.0895733739382,2.48035117707868,16.8745474598316,2.9677393015822
"DAWSON","YT",1900,-6.42210766283362,-28.2429598542621,-4.62924116525758,12.637440169569,-5.50923021860361
"DAWSON","YT",2019,-3.82268597300719,-23.473916979616,-1.11982537972268,14.2609783215394,-5.29209933837069
"DAWSON CREEK","BC",1951,0.677783702635701,-15.0208433726209,1.61639740534203,13.6920890315731,2.21889012600103
"DAWSON CREEK","BC",2019,2.55978555317323,-10.1192944539654,2.88349013891138,15.0309287393513,2.38820590309953
"DEASE LAKE","BC",1943,-1.4460535588882,-16.904781810777,-0.628001246422286,11.4137499097671,0.106382903940112
"DEASE LAKE","BC",2019,-0.247311889654071,-13.1528227586519,1.07303116055766,12.0735586318746,-0.317354077012071
"DEER LAKE","NL",1932,3.41531690926303,-7.73319919239331,0.716110963429912,14.7656117844916,6.42319013626543
"DEER LAKE","NL",2019,4.51417604324994,-6.04598989752073,1.8957743135989,15.5183864901787,6.60014034726841
"DEMING","NS",1912,6.14630226623534,-1.90484691483172,2.89874572109602,13.6579620996751,9.68956457349213
"DEMING","NS",2011,5.88321551081345,-3.03964586735748,2.30052859342174,14.4300143633134,10.116910029364
"DEWAR LAKES","NU",1958,-13.4663911907162,-26.3940463236651,-19.145598563639,2.49014776057568,-11.2480563143517
"DEWAR LAKES","NU",2017,-12.1122499085711,-25.0593296070918,-16.8228464723254,4.37638004490611,-9.12674153455829
"DOAKTOWN","NB",1953,4.15366234290803,-9.16421085808838,2.77256185660104,16.4467699298713,6.45431192660548
"DOAKTOWN","NB",2009,5.25738665050995,-8.53647781892681,3.85829420263681,18.4720582002491,7.38205697730566
"DONNACONA","QC",1917,3.52032853959613,-11.7287851324107,2.60864939336512,16.9178605167451,5.89414291730193
"DONNACONA","QC",2009,5.37876902807761,-9.16525716602619,4.24555361693785,18.6096609995663,7.49082043373651
"DRUMMONDVILLE","QC",1912,4.57522007267784,-10.107958927895,3.85009316012668,17.9659186206271,7.10061958956672
"DRUMMONDVILLE","QC",2014,6.85783654945705,-7.74400480988008,5.94082324639434,20.2065430130523,8.81769288641857
"DRYDEN","ON",1913,0.876600519023839,-17.3762210801682,0.755970097394041,16.8390700144435,3.4488304773892
"DRYDEN","ON",2019,2.91521320178889,-13.8274171814447,2.92311345090814,17.8022143180193,4.57588774465219
"EARLTON","ON",1937,1.78036476280067,-14.2989206674038,0.869267283349558,16.1868792599805,4.44587738918097
"EARLTON","ON",2019,3.24258532523891,-12.7343125443533,2.65478334956182,17.3346397273612,5.7034705198092
"EDMONTON","AB",1882,0.348131892073475,-15.0403135325853,1.30976121866722,12.9099506225848,1.58361618174197
"EDMONTON","AB",2019,3.10334104778847,-10.3937022793884,3.42258727717502,15.9118133676828,3.72456881867634
"EDMUNDSTON","NB",1921,2.66760278190439,-11.8720079320511,1.56406798538259,15.7655813003024,5.18056798916555
"EDMUNDSTON","NB",2015,3.86252071526068,-10.4894560702282,2.90453219433465,16.9664890635341,5.99497490870177
"EDSON","AB",1915,1.6855018460443,-11.8543754753732,2.13370383149111,13.5277548568883,2.85433199031419
"EDSON","AB",2018,2.53852483502656,-9.51755945040534,3.11440188066708,14.2098131919516,2.321257548203
"ENNADAI LAKE","NU",1948,-9.97629447067295,-29.6599869876383,-13.7219623623315,9.96130470824405,-6.65869441131203
"ENNADAI LAKE","NU",2014,-7.24670304873167,-25.4406843123484,-11.6702629345034,11.9611409289125,-4.40141911813913
"ENTRANCE","AB",1916,2.59187201939387,-9.57094711497606,2.31960048741086,12.8629336838085,3.58607649348414
"ENTRANCE","AB",2016,3.29480014877116,-7.32647875062553,3.75178055559359,14.3532598434301,3.67888861757421
"ESTEVAN","SK",1901,1.7386577209089,-14.945914800635,2.22308735426738,16.5059982088296,4.6712616001669
"ESTEVAN","SK",2016,4.03033848692489,-11.7750623975164,4.12255703360974,18.5135023718859,4.78988063913359
"ESTEVAN POINT","BC",1922,8.90294626620219,4.96864056669603,7.5558218437227,12.9594141200616,9.92522404509241
"ESTEVAN POINT","BC",2019,9.76995535546737,5.86977728649905,8.59597259459856,14.1877565227264,10.5676959410524
"EUREKA","NU",1946,-20.1808689176639,-37.2604392953046,-25.5114192464786,3.32100988987239,-21.274939878612
"EUREKA","NU",2017,-18.2013544364069,-35.0700356994455,-24.1209336946979,4.47763967200705,-17.9427071802115
"EXPLOITS DAM","NL",1955,2.88916737559246,-7.2736759278037,0.280530066157148,13.2617856807981,5.38365912518853
"EXPLOITS DAM","NL",2007,3.66133173199508,-7.09954816467247,0.82326702377226,14.8151407983497,6.35165912518854
"FAIRVIEW","AB",1930,0.0762279134203183,-16.2798419564631,1.14150613504295,13.6922389937502,1.72331124483467
"FAIRVIEW","AB",2019,2.01777582212573,-11.7241453738577,2.66878089069955,15.1838935288606,2.07284696018182
"FAUQUIER","BC",1912,6.72841950861753,-3.47584227366543,6.98598411335433,16.7781387819437,6.71439406130403
"FAUQUIER","BC",2015,8.11245446766899,-0.887175917158281,7.6648103450963,17.8705579157787,7.67962946119348
"FLIN FLON","MB",1928,-1.22995308468603,-20.241011235955,-1.12607420909803,16.2154733479503,0.829414647597524
"FLIN FLON","MB",2019,1.57988862407876,-16.154531835206,1.50399960646143,17.7364323836663,2.84465834939938
"FORT CHIPEWYAN","AB",1882,-3.54924082648377,-23.2475983293134,-4.13000463429853,14.4826612877936,-0.654307090591702
"FORT CHIPEWYAN","AB",2019,-0.914079946451579,-18.7941993408065,-0.497504123911114,15.842605544795,0.37364259727118
"FORT FRANCES","ON",1916,1.95409119276133,-15.7157058895085,1.87508168850654,17.4721646505875,4.14603993021904
"FORT FRANCES","ON",2018,3.27246891471684,-13.0602264013604,3.40398071435997,17.3980534817563,5.12129094785811
"FORT GOOD HOPE","NT",1943,-8.50130641457029,-30.338939984268,-9.41914328758446,13.3938328201236,-7.41372146108935
"FORT GOOD HOPE","NT",2019,-4.73936121348072,-23.7920757293149,-5.93350332656483,15.8255449481026,-5.34772120507593
"FORT MCMURRAY","AB",1915,-1.65922736627068,-20.4234731850315,-0.274792134336032,14.2908934187536,0.269209027212625
"FORT MCMURRAY","AB",2019,1.96040176452472,-13.9600913343065,2.82163773640789,16.3150471753058,2.38167483773645
"FORT MCPHERSON","NT",1939,-8.9263796656744,-28.837068048478,-11.1106904418983,12.3567346903023,-8.01898965376413
"FORT MCPHERSON","NT",2005,-7.3056617815434,-25.6132933530912,-8.94854068715091,13.4806384709865,-7.55982438625948
"FORT NELSON","BC",1937,-1.76488633499851,-21.4728216671297,0.518537000973701,15.045404037309,-0.776044303797402
"FORT NELSON","BC",2019,0.319579620908151,-16.5091672620037,1.94475413826679,16.1201483655885,-0.515781762775483
"FORT RELIANCE","NT",1947,-7.78061323821946,-27.9519761902793,-10.3088025781628,11.203962182376,-3.95474389802759
"FORT RELIANCE","NT",2019,-5.18811846140231,-23.3221491120952,-8.41600906001303,13.8337567765676,-1.65001097277877
"FORT SIMPSON","NT",1896,-5.55047612495839,-26.6832916026068,-5.44067846321059,14.0995699754366,-3.66819696162046
"FORT SIMPSON","NT",2019,-1.8703658377627,-21.1480814090622,-0.723806289411414,16.4344074424895,-2.25662400248639
"FORT SMITH","NT",1913,-5.15524315148804,-25.2076508955626,-4.66076229150933,13.407117791787,-2.16247721519579
"FORT SMITH","NT",2019,-0.642054452815245,-19.0481956880207,-0.605950004681958,16.307569830706,0.0820205401222296
"FORT ST JAMES","BC",1894,1.00342704342175,-11.1857826349983,1.26646178468233,11.9756321514258,2.20296479587599
"FORT ST JAMES","BC",2011,3.71229970752771,-8.53511823035851,4.04276263517438,14.9240110281121,4.34341120220198
"FORT ST JOHN","BC",1940,1.05034859876965,-14.8700413789445,2.12677702044792,14.4321203007519,2.54528366370472
"FORT ST JOHN","BC",2019,2.85228298017772,-9.95542568147054,3.15305074672164,15.4205112781955,2.66138072453861
"FORT VERMILION","AB",1907,-2.66075385508417,-22.5818756691672,-1.5676690789934,14.5273433068182,-0.938661484254055
"FORT VERMILION","AB",2019,0.768385786033363,-16.9507910048838,2.37181026034085,16.4968428603772,1.14100052283109
"FREDERICTON","NB",1878,4.31698241095047,-9.73820834160981,3.28510239957634,17.1382555458847,6.68468412403115
"FREDERICTON","NB",2019,6.38993971349471,-6.5762844120134,5.01742265559587,18.6466332743695,8.4618539510747
"GANDER","NL",1936,3.9652216167009,-5.92082864510081,0.954766760431347,14.4603562597645,6.32836966713555
"GANDER","NL",2019,4.82974070907503,-5.22167135489914,1.98273323956872,15.3782710760374,7.19913033286452
"GASPE","QC",1915,1.75933316239593,-11.950425578369,-0.358898233107475,14.9942985312206,4.85302467244202
"GASPE","QC",2019,4.20396859823431,-8.34669107533462,2.09700417216663,16.1911813651009,6.64402174580503
"GERALDTON","ON",1966,0.0441951896392041,-17.2082099907493,-0.37124190564294,15.4357308048104,2.49277289546714
"GERALDTON","ON",2016,1.05367715078631,-15.6598751156337,0.179752543940811,16.2578862164662,3.2519079555967
"GERMANSEN","BC",1955,0.0687713826327609,-14.146798116391,1.12285774372241,12.3013575408354,0.673754772723299
"GERMANSEN","BC",2014,1.87039011593466,-10.6655737704918,2.7348269669888,13.7078188601176,1.79466405210694
"GILLAM","MB",1943,-5.3433690563613,-24.6109648686318,-6.81899815730772,12.5415101001941,-2.3215694603694
"GILLAM","MB",2018,-3.1087913453889,-21.7070650205379,-4.57202405198331,14.487090577445,-0.595464222363447
"GIMLI","MB",1943,1.20839886084882,-17.1763696607185,0.481747938688258,17.4406225842584,3.9605181928293
"GIMLI","MB",2019,2.55482777576986,-14.8447831219399,2.5699817613565,17.9695199806478,4.78822591389137
"GLACIER","BC",1907,0.637313610090278,-10.3000296364392,0.541293162439754,11.3455332851085,1.3816134682282
"GLACIER","BC",2010,2.19253101205707,-7.75594970122791,2.01156109697382,12.350007027857,1.86606479384103
"GLEICHEN","AB",1902,3.26766473707837,-11.6678822098812,3.51119897319286,16.1356670669339,4.53345486513377
"GLEICHEN","AB",2019,4.0968203551556,-8.24794963388937,4.39403110413122,16.1327867143146,4.51273998555249
"GOLDEN","BC",1901,3.31475406596387,-10.0218472568319,4.73145701908734,14.5058465656219,4.44522892844941
"GOLDEN","BC",2019,5.63473173485139,-6.45912189097533,6.41352009568601,17.0579933309654,5.08667413097792
"GOOSE","NL",1940,-0.175449077238554,-14.9339097744361,-1.9135967190704,13.5253520164046,2.70986466165414
"GOOSE","NL",2019,0.762291182501706,-14.5003007518797,-1.24692959671907,14.8904374572796,3.83487218045113
"GORE BAY","ON",1916,4.7963620722339,-8.4977564549479,2.70779636282942,17.1060076958733,7.42163342033888
"GORE BAY","ON",2019,6.14062585097582,-6.85174684877087,4.31281965299867,18.5414824336186,9.04671403263382
"GRAND FALLS","NL",1935,4.18816262760229,-6.82937390537361,1.26234290497254,15.3296810902662,6.56906310185492
"GRAND FALLS","NL",2012,4.89309465678,-5.75514630513253,2.56712527429735,15.8119376598411,7.1713577480466
"GRAND FORKS","BC",1910,6.34075760060063,-6.39664783793091,7.18983706145445,17.9511312889962,6.65620366391938
"GRAND FORKS","BC",2009,8.30227823850741,-2.41489746371194,8.80395689296774,18.8570944683114,7.90877543845944
"GRAND RAPIDS","MB",1960,0.0785654813882246,-19.2035069981123,-0.920700738766428,16.9212777926757,2.865219023359
"GRAND RAPIDS","MB",2017,1.45746705115448,-15.0013470831527,0.551452916726788,17.3113505462347,3.24640202589137
"GRANDE PRAIRIE","AB",1921,0.35118258243444,-15.2512652707713,0.88913271602884,14.1830260007076,2.4181932602757
"GRANDE PRAIRIE","AB",2019,2.85511279004925,-11.0390155007136,3.53245294328725,15.6327422311397,2.91837049195815
"GREAT FALLS","MB",1921,1.78967409300902,-16.9962741829809,1.00169173763579,18.2374347686096,4.45940535986733
"GREAT FALLS","MB",2017,3.03236584129434,-13.8351213567464,3.35570235565477,18.3719653262725,5.22641635973875
"GREENWOOD","NS",1941,6.67196111901375,-4.42485538169748,4.65903745851115,17.5544656235183,8.75441725936463
"GREENWOOD","NS",2019,8.02137221431959,-3.12981128496916,5.95962920815553,19.1442010431484,10.120249407302
"HAINES JUNCTIO","YT",1943,-3.67484953613981,-20.5251010277787,-2.27837984343442,10.776419309034,-2.85792152388511
"HAINES JUNCTIO","YT",2019,-1.17738464193621,-15.1407258090177,0.243002378173713,12.0858229874606,-1.81185177836202
"HALIBURTON","ON",1887,4.07680390660678,-10.1160690648091,3.27742344310246,16.8749915373266,6.20402948792319
"HALIBURTON","ON",2019,5.2609077709059,-8.41889059189257,4.16869561652674,17.8984724505874,7.66512291445828
"HALIFAX","NS",1878,5.88586491927198,-4.38827968644586,3.6935263928645,15.6365142695946,8.64415320535257
"HALIFAX","NS",2019,7.40920709524978,-2.87723909057447,4.63037918988384,17.4782034940605,10.3230141562289
"HALL BEACH","NU",1957,-14.7303768232584,-30.532631738086,-20.314011299435,3.24337079952529,-11.1460140167858
"HALL BEACH","NU",2018,-12.3622621297868,-28.8013387982732,-17.6526553672316,4.85978928884985,-7.76116019490415
"HAMILTON","ON",1878,6.10374104481799,-6.56680181870345,4.41661775294068,18.2409271032037,8.50117699709059
"HAMILTON","ON",2019,8.46288397124209,-3.55695940105456,6.97192389362737,20.2590494702936,10.24077273791
"HARROW","ON",1916,9.15023630905572,-3.18415127347226,7.34540400876917,20.9911707851499,11.1585407279211
"HARROW","ON",2019,10.1998500163911,-2.29240411304507,9.27646391660328,22.3678194858839,11.8781775970853
"HAY RIVER","NT",1894,-5.46567156129405,-25.1330723889037,-7.00451613669888,11.9802863637505,-2.4080069653911
"HAY RIVER","NT",2019,-1.64167960497274,-18.9764578037096,-2.9427667067395,15.4381239192667,0.284143823432139
"HIGH PRAIRIE","AB",1926,0.690315688155128,-15.9762539466998,1.68262190100763,14.0962810770266,1.86115415807749
"HIGH PRAIRIE","AB",2016,2.05681635885166,-11.3842085773553,2.74969950044565,15.2755851836662,3.38360860515274
"HIGH RIVER","AB",1905,2.88486314732808,-8.93630738797435,2.54513312054456,14.4082886833681,4.01573461320946
"HIGH RIVER","AB",2007,4.05920758636265,-6.27268052214835,3.5082967996077,13.788565729966,4.69278557538476
"HOPEDALE","NL",1941,-2.27608732671611,-14.7767158871932,-4.91121127647648,8.8437117304949,1.7213327854768
"HOPEDALE","NL",2019,-1.13034153127698,-13.8113705080837,-4.49417866737307,10.4991414737189,3.40381222751699
"HORNEPAYNE","ON",1919,-0.532662756198771,-16.9372215288296,-1.28653186411434,14.0394141063063,3.41531805230554
"HORNEPAYNE","ON",1996,0.589166588784682,-16.2253701606901,0.167988896602118,14.9900561516253,2.51549673584253
"HUDSON BAY","SK",1942,-0.276457779514161,-18.6631241748662,0.0613526687908177,15.6183601579882,1.91204380266516
"HUDSON BAY","SK",2019,1.55485849095266,-14.8419524224686,1.90037359981392,16.3749615912471,2.75092472195608
"ILES MADELEINE","QC",1932,3.88246991166285,-6.28494474800998,-0.0268556322720102,14.3736639488607,7.36883107094764
"ILES MADELEINE","QC",2017,5.77823875382919,-4.37144146515127,1.99892989199914,16.4394442320224,9.08776918968105
"INDIAN BAY","MB",1914,1.59122263131341,-16.4753611423927,1.03105465884942,17.6718671393331,4.07837404887229
"INDIAN BAY","MB",2019,3.23237164185017,-13.6588299013296,3.34033113864223,18.0917314440958,5.02402739438818
"INDIAN HEAD","SK",1889,-0.975191766611445,-18.9421397656684,-0.823597440944873,14.8786947356677,1.00640001003137
"INDIAN HEAD","SK",2019,2.32631775620711,-13.7126217365587,2.551156496063,16.7578429552014,3.56194889157342
"INUKJUAK","QC",1926,-7.39952199716812,-23.8657405883024,-11.23370578064,6.22474510222463,-1.6467273588903
"INUKJUAK","QC",2018,-5.60684267079061,-20.9888504949793,-10.8397338781321,9.45560981344188,0.407534412043631
"INUVIK","NT",1956,-10.8797667183719,-30.2824201166991,-14.4182874872649,11.2111197554877,-10.0887557058342
"INUVIK","NT",2019,-6.106013218134,-22.2175798833009,-9.25837917940169,12.6888802445123,-5.6725694280218
"IQALUIT","NU",1949,-9.5839820415332,-24.8771035421681,-13.3668299544088,6.07665952174408,-5.38091447579173
"IQALUIT","NU",2015,-8.23654765835344,-23.7010558432402,-13.0554557044469,6.68069773338483,-3.44434099986879
"IROQUOIS FALLS","ON",1913,0.781688487525402,-16.1852736155226,-0.234191714810596,16.1682546292426,3.77978166064566
"IROQUOIS FALLS","ON",1999,1.16140168729179,-15.5549497273532,0.438266419956868,15.8119036323357,3.44743901588416
"ISLAND FALLS","SK",1930,-2.46172274331657,-22.2928316796867,-2.58580782098787,15.2373453209885,0.301847139212665
"ISLAND FALLS","SK",2018,-0.761603563413743,-18.8839395600039,-1.18624035888095,15.6713954037239,0.897858713975349
"JASPER","AB",1930,1.67106783785739,-10.0599491043172,2.17799189054836,12.8858321848051,2.99165073844126
"JASPER","AB",2019,3.74830604378983,-7.60063148547713,3.9543716287904,14.4079791358743,3.54272919731666
"JENNER","AB",1914,2.81850574945494,-13.2490012465479,3.39763397907502,17.0805191442454,4.23925349450994
"JENNER","AB",2008,5.06196914716629,-8.33843846523922,4.99755952444897,17.7351074707163,5.12228325548238
"JOLIETTE","QC",1914,4.2874330381409,-11.7009440852022,3.52947986651397,19.0468613262619,6.71472492474506
"JOLIETTE","QC",2012,6.46487914677579,-8.32509496454422,5.86062984966099,19.5487013783918,8.22494816679658
"KAMLOOPS","BC",1895,8.12982525473967,-4.00280979613454,9.01696162867654,19.3870126967101,8.13119605325415
"KAMLOOPS","BC",2019,9.45250804608424,-1.69702492289122,9.9611059629496,20.4865836194702,9.07907998460938
"KAPUSKASING","ON",1917,0.0490247631469245,-16.7128139695183,-1.1595324675325,15.3295617398474,2.8830915242618
"KAPUSKASING","ON",2019,2.10291669991707,-14.3909188940798,1.46862337662338,16.6057917955061,4.64997142338675
"KASLO","BC",1911,6.43480353926921,-3.32368969088528,6.13613245192482,16.1535697862528,6.69692286071728
"KASLO","BC",2019,8.11188751959763,-1.0086449216216,7.845391551552,18.021522133965,7.83139598500945
"KEG RIVER","AB",1934,-0.724193036269309,-19.2951128537223,0.373846760058161,14.0214967723931,1.32386374667522
"KEG RIVER","AB",2007,0.27866836783739,-15.5961161212415,1.59377012649972,14.6375466546946,-0.296232550915406
"KELLIHER","SK",1911,0.0639057799711438,-17.546440054439,-0.227497833538017,15.0411236422505,2.03991305870476
"KELLIHER","SK",2019,2.50062781278311,-13.5119110730312,2.91516993148986,17.2939847516031,3.45824669563143
"KELOWNA","BC",1901,6.09654834856816,-5.34739820894234,6.27045343737231,16.8128214701547,6.21704520114098
"KELOWNA","BC",2009,8.22951462380921,-1.38882002465621,8.52212923694002,18.7251911440853,8.0305226381925
"KENORA","ON",1898,1.59454963914581,-16.1632628587051,1.27075097081775,17.539366598277,3.75277785775517
"KENORA","ON",2019,3.49432003654039,-13.5096231742223,3.62130014584886,18.566407961677,5.2192957045323
"KENTVILLE","NS",1912,6.00763068649087,-5.6940487146342,3.97977300887777,17.2523194592255,8.45210650800262
"KENTVILLE","NS",2019,7.7044819534423,-3.25609586009956,5.42485247978382,18.6833456356466,10.0300118088671
"KEY LAKE","SK",1978,-2.8975399997362,-21.5187588127364,-2.09469364382516,14.0153346090446,-2.06698604741931
"KEY LAKE","SK",2019,-1.71174534710406,-19.288732676889,-3.21112807787748,15.4231258755784,0.294464337984166
"KINDERSLEY","SK",1941,1.9774876228012,-14.606368537159,1.96385312512292,16.9164771633996,3.69953777564858
"KINDERSLEY","SK",2019,3.68420839268386,-11.3265129679501,4.38562380521574,17.3191163440627,4.23017414912484
"KINGSTON","ON",1878,5.59919504275252,-7.93941917412188,3.75861474572669,18.1256614447082,8.39752708933391
"KINGSTON","ON",2018,8.14467938561314,-4.86767757445411,6.69138820934444,20.2985987800303,10.2332926530693
"KOMAKUK BEACH","YT",1966,-12.0182902771254,-25.8459648589032,-16.6126446769011,5.16514347812391,-9.72541015115078
"KOMAKUK BEACH","YT",2017,-9.31234382339127,-22.7719802996881,-14.1468003674892,7.24676662361797,-7.55698060531159
"KUGLUKTUK","NU",1931,-12.1496525062665,-29.2667982492455,-16.8745621307414,6.33025169285951,-8.84422927124122
"KUGLUKTUK","NU",2015,-9.45589099820761,-25.7985662087265,-15.0922236516105,9.15248839041162,-6.27628540642821
"KUUJJUAQ","QC",1946,-5.83427239828929,-21.8546723821188,-9.04858719888876,9.2604356574228,-1.56446155192021
"KUUJJUAQ","QC",2019,-4.0554227437219,-20.5024704750241,-7.66847973096466,11.3052786282915,0.593032980491643
"KUUJJUARAPIK","QC",1924,-5.33979132305087,-21.2074406466566,-8.46178649433406,8.39135188038815,0.683260227651338
"KUUJJUARAPIK","QC",2015,-2.72179390795471,-18.8629387418841,-6.24081767707077,11.0448900503936,2.95336440385706
"LA POCATIERE","QC",1912,3.19680625599324,-11.7502158406553,1.91549541389174,16.9444500486755,5.63349584373309
"LA POCATIERE","QC",2019,5.0805930424251,-8.27151562799092,3.44703441322047,17.7367315311211,7.58910317123246
"LA RONGE","SK",1922,-1.55562166073329,-19.7754763323089,-1.57527333035178,15.031369781053,0.864446313773218
"LA RONGE","SK",2019,1.07432492475471,-15.9246550997627,1.10302817109204,16.4604373015497,2.22579541323922
"LA SARRE","QC",1950,0.331721286474401,-15.8160604978576,-1.14458793269746,14.406930774911,3.97557478926102
"LA SARRE","QC",1993,0.632941335954168,-16.5019460314222,0.290138861245921,15.5571060143498,2.6740303956355
"LA TUQUE","QC",1911,2.7719885636598,-13.6628807736462,2.33938739131697,17.174588003298,5.3904754382557
"LA TUQUE","QC",2019,3.64226350597492,-11.9795311130609,2.90022069736957,17.6008525128709,6.13829607016627
"LABRIEVILLE","QC",1959,1.59715905040279,-14.6500307240976,0.480139059882521,16.3988019444206,4.53404048703967
"LABRIEVILLE","QC",1995,1.35244528409496,-16.286653848441,0.799217914303597,16.7597930826809,3.80177784417719
"LACOMBE","AB",1906,1.9365470687326,-12.6259355385112,2.46248457798037,14.709599515889,3.37079500843262
"LACOMBE","AB",2019,3.10653511714065,-9.99135375140005,3.40106328124761,15.2029826739034,3.46419655984137
"LANGARA","BC",1935,7.46329662329505,2.9842204180994,5.9965778380006,11.8716990100647,8.95388738331827
"LANGARA","BC",2019,8.05733760625807,4.25857417160983,6.45774314965372,12.4407223703336,9.02142125865703
"LANSDOWNE HOUSE","ON",1940,-1.85041835966717,-20.401817814207,-3.66707573551499,15.1890268093789,1.52737216354397
"LANSDOWNE HOUSE","ON",2018,-0.52639987343936,-18.5217343341689,-1.36141117197071,15.5465422545035,2.10415637808318
"LEADER","SK",1923,3.38186199235857,-12.8504426654072,4.02624787456003,17.9956239998017,4.41274160771836
"LEADER","SK",2019,4.54832291829143,-9.88545616197128,4.95651090130431,17.8781787767425,5.20676871561831
"LEBEL QUEVILLON","QC",1977,0.852356381148958,-16.0998974709501,0.428256989886957,15.5942128329026,4.14225242485927
"LEBEL QUEVILLON","QC",1998,1.12542139662883,-15.258031442242,0.179140567589322,16.1173839757276,3.39527002754161
"LENNOXVILLE","QC",1914,4.49321378192008,-10.2852713024211,3.5405757106081,17.6331186272798,6.92755123315253
"LENNOXVILLE","QC",2019,5.99394738897752,-7.5482799967899,5.25079463154119,18.5453431182166,8.13021625399082
"LES CEDRES","QC",1912,5.14083639004455,-10.5084770159935,3.43361654846494,18.9807324317914,7.54803421139961
"LES CEDRES","QC",2011,6.60055082346568,-7.70508703421869,5.95826081347919,20.0058199862714,9.05437799781008
"LETHBRIDGE","AB",1901,4.43032280171818,-8.12134809415586,3.99499291917962,16.0444421973569,5.75834263677365
"LETHBRIDGE","AB",2019,6.35674085657607,-4.92728471285248,6.02049773710847,17.7271483993186,6.73591368250026
"LIVERPOOL","NS",1939,7.12059234155837,-3.65065792980869,4.94214017831295,17.362499748678,9.43882965103045
"LIVERPOOL","NS",2006,7.68232346607404,-2.97401495543036,5.79927302178983,18.5370333669387,9.79823045129119
"LONDON","ON",1882,6.81861379030373,-5.66754392304881,5.57137047184958,18.7461639662067,8.68556592578858
"LONDON","ON",2019,8.98275984278277,-3.47225223481653,7.56593270565711,20.7968246526017,10.8301335466802
"LONGSTAFF BLUFF","NU",1957,-12.9020046888659,-27.0785132027959,-18.7155750747032,4.19570107500743,-10.1386444200807
"LONGSTAFF BLUFF","NU",2010,-11.3229138520226,-26.9009591717079,-16.6673658300361,5.32040884533371,-7.3803956721993
"LOON LAKE","SK",1931,-0.394093652844866,-18.5783871288447,0.76722940587522,14.6261031847039,1.56094635530171
"LOON LAKE","SK",2018,2.02269064259931,-13.0726743062733,2.54126547089023,15.6833725932376,2.55110958852266
"LOST RIVER","SK",1910,-0.304320011444329,-18.8070623312953,-0.113340781011733,15.7939706780517,2.0328070084805
"LOST RIVER","SK",2019,1.21942041229065,-16.0522590767074,1.5425322769564,16.7166405529308,2.29628366652083
"LUPIN","NU",1958,-12.686401480111,-31.1935635713361,-17.6024015262036,7.36807762056992,-9.40333592602195
"LUPIN","NU",2008,-9.99444958371876,-26.653650982885,-14.5455055549321,9.6270873885418,-8.10245441189181
"LYNN LAKE","MB",1951,-4.37446431091131,-24.2716687608831,-4.49474935147835,13.882202252836,-1.91241622424272
"LYNN LAKE","MB",2019,-2.31838577677437,-20.947006971508,-3.11218473699223,15.0382309258877,-0.912238109344742
"MADAWASKA","ON",1914,3.19472744008043,-11.0960246360237,2.8441222612001,15.7198250141584,5.37535200117087
"MADAWASKA","ON",2019,4.30266443822742,-9.93020850608657,3.40298995934256,17.3506122945271,6.54682369497972
"MANIWAKI","QC",1916,3.64172089333237,-12.0823783632777,2.80637283665273,17.3293615489308,6.00225082510319
"MANIWAKI","QC",2019,4.455117381804,-10.2206137778171,4.1132153889301,17.7280579210446,6.58468010962029
"MANYBERRIES","AB",1927,3.98530194573838,-10.9704518698994,3.76169999091394,17.97487116814,5.218013096447
"MANYBERRIES","AB",2019,5.50270942495192,-7.48711846107534,5.36769695596186,18.2398261433866,5.91997805624484
"MAYO","YT",1927,-4.48515136081432,-24.1697350836499,-1.98025800036678,12.8654298565118,-3.64188148660954
"MAYO","YT",2019,-1.67045138947426,-19.3427885948608,0.696478130472791,15.0250483594071,-3.61519622487584
"MCINNES ISLAND","BC",1954,8.37753477564046,3.59807375422476,7.27816227920491,13.3082320982114,9.21570095615537
"MCINNES ISLAND","BC",2019,9.33907900325893,5.08748932536295,8.31449742305311,13.99356248798,10.2478552877123
"MEDICINE HAT","AB",1883,4.09751777131438,-11.377427807936,4.46312830923986,17.8949836543736,5.37979879781459
"MEDICINE HAT","AB",2019,6.46324843557461,-6.41384657812911,6.58198447271503,18.9771051131479,7.00342700762652
"MERRITT","BC",1961,6.38740901683866,-4.32475177131842,6.97249761487994,16.2762070379929,6.8237848320347
"MERRITT","BC",2019,8.63431830526886,-1.58362606111278,8.7477649951979,18.9241279417546,8.29534298563277
"MINE CENTRE","ON",1915,1.67717030436738,-16.0880233875063,1.51972303342806,17.2898184445477,3.98496084597949
"MINE CENTRE","ON",2019,3.10417139674856,-12.899916879049,3.25877438840876,17.3966880731889,5.0519044527324
"MINNEDOSA","MB",1880,1.92707628899944,-16.4053464941365,2.05927062663964,17.822336874719,4.35700295622818
"MINNEDOSA","MB",2008,3.32619631702049,-13.2940363664829,3.58517550126375,18.2590646933407,4.52613850509526
"MONCTON","NB",1897,4.62569539745581,-8.1186274023414,3.24271093400027,16.609747119535,6.93576495928436
"MONCTON","NB",2019,6.1393134766757,-6.12413776415238,3.90181652101716,18.0158692251102,8.63117032332757
"MONT JOLI","QC",1878,1.92758527405119,-12.9756929207507,0.493701138186257,15.2624170926667,4.87067774248339
"MONT JOLI","QC",2019,4.40382278006054,-8.41850997780007,2.62368212087051,16.8028002986376,6.69764767113454
"MONT LAURIER","QC",1921,3.76291801469004,-11.3890514125966,3.20148980146121,17.6462606142249,6.57932093139959
"MONT LAURIER","QC",2013,4.68335546246644,-10.7876952637897,4.45649947515616,17.8984470310442,6.66826973377424
"MONTICELLO","PE",1959,4.8431010093568,-6.28057472463059,1.35089704079026,16.2194817337394,8.08327193693361
"MONTICELLO","PE",2005,6.14364399911589,-5.14682304796086,3.25107001197492,17.3483535372787,9.02992706107715
"MONTREAL TAVISH","QC",1878,5.35781936089388,-9.6228168184595,4.30661018271308,19.2382995459559,7.51234585195862
"MONTREAL TAVISH","QC",2019,8.27880728157944,-5.89399028303831,7.39668004541164,21.1242056084492,10.3306081361895
"MOOSE JAW","SK",1893,2.91544207885005,-13.6643250131824,2.97770549443861,18.0257570646181,4.53406787057272
"MOOSE JAW","SK",2019,4.38341040397254,-10.5903853580347,4.55898687877958,18.2068180485694,5.32119898541881
"MOOSOMIN","SK",1940,1.80563448217566,-14.9478057808638,0.844388992335297,16.9466654156317,4.23930655907163
"MOOSOMIN","SK",1996,2.86030054549704,-13.8977057895587,3.92480730091367,17.7802468160337,3.47098221683312
"MOOSONEE","ON",1891,-0.386846617764166,-17.8526093001242,-2.56548356482249,15.1670116543639,3.59305984047193
"MOOSONEE","ON",2019,-0.0243265597184932,-16.5625874124268,-1.80387025060353,14.5527944787776,3.99041344167497
"MORDEN EXP FARM","MB",1903,2.80539569743152,-15.213206364979,2.49158434434355,18.4786501981686,5.16373386353929
"MORDEN EXP FARM","MB",2019,4.18996255543914,-12.1902333050892,4.27056644274547,19.1430937759626,5.76425782319465
"MORRISBURG","ON",1913,5.12306261381087,-9.38250839865622,4.29805006682802,17.8448376259798,7.70421929262034
"MORRISBURG","ON",2008,7.09391216646632,-7.13171052631579,6.40024636058232,20.0102631578947,9.08601772140539
"MOULD BAY","NT",1949,-18.4374744563506,-34.0947235818407,-23.2418722308706,1.39439836598169,-17.7066491410837
"MOULD BAY","NT",2019,-15.8483124711604,-30.8787722288719,-20.5927708838657,2.56116305774278,-14.6748616401341
"NAIN","NL",1970,-4.04589045082804,-17.7176326893182,-5.55300244100896,8.60579563108338,-0.341270598904572
"NAIN","NL",2016,-1.22546348846009,-14.1673684210526,-4.6966314076485,9.87491201927649,3.20795794899945
"NAPPAN","NS",1912,4.91098313074749,-7.41639389736478,2.98958404667059,16.4071721967353,7.62220181961293
"NAPPAN","NS",2019,6.39796140820929,-4.99899071801985,4.21179912911736,17.4197508801878,9.00815641007314
"NATASHQUAN","QC",1913,-0.133142746700322,-12.8602906972461,-1.93698368928312,11.6341000398529,3.07898546779724
"NATASHQUAN","QC",2019,1.88290568253304,-10.7495330237617,-0.309567061915399,13.8181706209071,4.82671008871208
"NICOLET","QC",1913,4.9274733214762,-10.7584369894994,3.70728603700725,18.7417037522762,7.16845606684512
"NICOLET","QC",2012,5.46377834593153,-9.33867461826762,4.88220549369719,18.99178032191,7.90034217614369
"NORMAN WELLS","NT",1942,-6.80744399800577,-27.8525168456127,-7.35066716031098,14.0964028137727,-6.04651406665192
"NORMAN WELLS","NT",2019,-4.23339001690712,-22.9420777489818,-5.27095446131064,15.7873809700111,-4.69554364074592
"NORMANDIN","QC",1936,0.816037420902216,-16.2859725643462,-0.211800137791169,15.7299367884839,3.9916616599172
"NORMANDIN","QC",2019,1.62282375228657,-14.7017058183176,0.850148912616053,16.0143969067122,4.54332162586724
"NORTH BAY","ON",1924,3.33280623033307,-11.4730166836908,2.16088265141267,17.0697826776091,5.85688663210693
"NORTH BAY","ON",2015,4.79491561998513,-9.90600102145046,4.12535772549727,17.9938536860273,6.61441220958005
"NORTHBATTLEFORD","SK",1890,0.58674603554833,-17.5835014521258,1.08068190447772,16.137782147325,2.65665539804664
"NORTHBATTLEFORD","SK",2019,2.69188784554211,-13.2235042722061,3.33205391518848,17.0343435421453,3.66801788952436
"NORWAY HOUSE","MB",1896,-2.17424055322637,-21.5131215673645,-2.97227521124847,15.112802957425,0.834588883644702
"NORWAY HOUSE","MB",2019,-0.169220423667603,-18.4657640900608,-0.380733260036131,16.4946664620866,1.66234903229453
"OLD CROW","YT",1951,-11.0651499162744,-32.6269509949442,-12.0029423645411,11.4960074002176,-10.5199980404021
"OLD CROW","YT",2019,-6.87936115762533,-25.2543831903292,-7.98913237733262,13.6244598036597,-8.09890245327907
"OLDS","AB",1914,2.33055977355443,-10.6114862110392,2.2839976700595,14.1589511628336,3.69507928163383
"OLDS","AB",2017,3.57534887123897,-7.89213248396892,3.27314821753084,14.9224447057477,3.9727173394453
"OLIVER","BC",1954,9.83048583638746,-0.984249131959317,10.1526549910102,20.4588242198755,9.41599100736422
"OLIVER","BC",2019,10.6999503843559,0.151277467960497,10.9031177998269,21.9443234889255,10.4484012082264
"ORANGEVILLE","ON",1886,5.35749186217376,-7.72389989842067,3.52488756095741,17.9768670168328,7.52186453937193
"ORANGEVILLE","ON",2017,6.27212040569736,-6.2797849970398,5.09963383210107,18.0995697164482,8.20944793038658
"OTTAWA","ON",1888,4.90984991836878,-10.7979030282915,4.19859817711313,18.9966712827321,7.29659382311493
"OTTAWA","ON",2019,6.91768027519959,-7.58647197170848,6.13360619423589,20.0048912172679,9.04964637083165
"OUTLOOK","SK",1914,2.3588591551716,-14.5414337997937,2.44917497342997,17.5501225076602,3.9882408295538
"OUTLOOK","SK",2019,3.8760839627801,-11.5796719896948,4.31870914472328,17.6461781801416,4.87999666644417
"OWEN SOUND","ON",1878,6.18013927024004,-5.96992684129722,4.0657351266952,17.8185706998699,8.23451979811328
"OWEN SOUND","ON",2008,7.37709345251615,-4.25472627756438,5.40167966369824,18.7961633508147,10.0338823503469
"PARENT","QC",1942,0.835550437374724,-15.3336958284113,-0.184993152752995,15.2865114114955,3.77434270708652
"PARENT","QC",2019,1.66283595719873,-14.0741148130436,0.507457131368408,15.4415472341726,4.26111424631474
"PARRSBORO","NS",1896,3.94428988539654,-7.82057036960774,2.13071029766341,14.5264969712755,6.68789772999475
"PARRSBORO","NS",2019,6.44129373750397,-4.16783813082527,4.28111366914954,16.7025577267836,9.09420756858517
"PASWEGIN","SK",1962,0.257436801881255,-18.3967461918694,0.474657912923263,16.0288745203232,2.4957354925776
"PASWEGIN","SK",2004,1.98624338624339,-14.1879123373348,2.92702833448513,16.8741063573707,2.4991363022942
"PEACE RIVER","AB",1906,-0.323059814179814,-16.3091237658579,0.965600155079226,13.1380192705084,0.916342112089055
"PEACE RIVER","AB",2019,2.1584154482955,-12.6628029380657,2.86269554777994,15.9138001973521,2.3227202074453
"PELLY","SK",1950,-1.1964067426002,-19.4881125709507,-1.06706399175771,14.5839341855863,1.16924817007941
"PELLY","SK",2017,1.5611210334758,-14.2802648950598,1.52982835842251,16.0105792621794,2.63468884914494
"PELLY BAY","NU",1959,-15.6758698522416,-33.0584517361384,-20.6234741338396,4.41658931341762,-12.7240367425774
"PELLY BAY","NU",2012,-12.2535041648059,-30.1262806255506,-17.8341002519076,6.97037400282393,-8.29445118208088
"PELLY RANCH","YT",1955,-5.36252901330283,-27.1364720770958,-2.37496745227074,12.9717285623833,-4.62916417864746
"PELLY RANCH","YT",2016,-1.92940341140947,-20.2290213340781,0.170098891593767,14.8902850325221,-3.16610935035904
"PENTICTON","BC",1907,8.48517918946076,-1.74539145906065,8.63689185432305,18.4363969974979,8.6339131814491
"PENTICTON","BC",2019,9.81855832567567,0.203035346775984,9.4713650264109,20.0342330320312,9.50031565291246
"PETERBOROUGH","ON",1880,3.88923408282414,-10.394479723769,3.03968954358358,16.8632647896308,6.55344016590076
"PETERBOROUGH","ON",2019,6.82297086581655,-6.04224864742063,5.94189925168314,18.6999359786881,8.44096479254066
"PICKLE LAKE","ON",1937,-0.399484066354265,-18.8634031563634,-2.02917675890038,15.7369456725934,1.59196683190607
"PICKLE LAKE","ON",2017,0.816722620513694,-16.6222969597226,1.00153245033171,16.9790185772026,2.5261271541076
"PIERSON","MB",1932,2.12594322326282,-16.4645492597999,2.30536167456399,18.1207790951757,4.15824955182773
"PIERSON","MB",2019,3.95836662817661,-11.8820760852802,4.30604979680206,18.4284035053835,5.18489701201862
"PILGER","SK",1911,0.534386449118191,-17.4472599454129,0.674220225160266,16.3817778736163,2.78620141893598
"PILGER","SK",2012,1.66448183981998,-15.1449526597227,2.40034375091479,16.8493533583251,2.90863261295551
"PINAWA","MB",1914,0.787792677521416,-17.2991968666255,0.383314697097369,16.9972956857741,3.58229364647127
"PINAWA","MB",2015,3.11535080126789,-14.4342197485055,3.28310357151977,18.1263796183493,4.95162287742453
"PINCHER CREEK","AB",1899,4.02513493785034,-6.88701631110965,3.45635425796331,14.7902096578198,5.21395429777204
"PINCHER CREEK","AB",2019,5.14622401551512,-5.14149175554072,4.36961309823514,15.5908508926606,5.65371981473458
"PLUM POINT","NL",1971,1.59512253724155,-9.80169947352539,-0.885380848729554,12.0160978556327,4.71367400673699
"PLUM POINT","NL",2017,3.524315233061,-6.62718889373261,0.0836282891162625,14.0722742373905,6.87990232852333
"POND INLET","NU",1922,-15.2795637356558,-32.36765897872,-20.0082016042867,3.02245650440317,-11.4104613161728
"POND INLET","NU",2019,-13.5097884353118,-30.338536487677,-19.4370817511898,5.47115258584891,-10.0249018179919
"POPLAR RIVER","SK",1955,2.75449361086692,-12.5266092539353,3.08579685035296,16.8563964898509,4.08903442971267
"POPLAR RIVER","SK",2003,3.88139898414732,-10.7401072621089,4.13309327402963,17.3897148704721,4.15921895347686
"PORT AUXBASQUES","NL",1908,3.43171268856027,-5.54541748515766,0.38005943060751,12.0554724784893,6.65160794512515
"PORT AUXBASQUES","NL",2014,4.80913883038869,-3.25434280957214,1.45982634756931,13.4546086672624,7.84865435918204
"PORT HARDY","BC",1943,7.70124645193136,2.8969208934962,6.60535604097246,12.828520301123,8.41952980377637
"PORT HARDY","BC",2019,8.94258916450696,4.57979143527088,8.0028631371097,14.0098358632605,9.19964827841539
"PRINCE ALBERT","SK",1884,-0.558634734022824,-19.2607401631249,-0.0241986220980621,15.4714462545349,1.42421476824189
"PRINCE ALBERT","SK",2019,1.93349388166666,-14.8098479434551,2.34957267047981,16.9822448426613,3.16193172507828
"PRINCE GEORGE","BC",1914,2.85736923930767,-9.68625956691376,3.64932474744672,13.4006007714233,4.02561168494169
"PRINCE GEORGE","BC",2019,4.70973893632612,-5.80752260816953,5.1541495730565,15.1367138213198,4.38125740531251
"PRINCE RUPERT","BC",1907,6.39757917629353,0.202482539039238,4.90251922474687,12.6741762678858,7.58809904192694
"PRINCE RUPERT","BC",2019,7.84519088490962,3.25238861327071,6.91890114478584,13.0155748945087,8.41385238089961
"PRINCETON","BC",1899,5.07481595434929,-6.957648911707,5.95868078532331,15.7041455835615,5.91225654077604
"PRINCETON","BC",2019,6.79883955837903,-4.06395563593226,6.96230901102728,17.2672868566333,6.73758382624442
"QUAQTAQ","QC",1942,-6.90697732913008,-19.4483820486977,-9.57359037548584,4.42176040212231,-2.10930402632756
"QUAQTAQ","QC",1987,-7.46921322690991,-20.3214192881014,-12.2667946623874,4.59414521083496,-2.40695161093731
"QUATSINO","BC",1894,8.32593648098243,2.79884728846305,7.19284212708853,14.2294745778847,9.20571443317472
"QUATSINO","BC",2017,9.73684865935742,5.13884674724159,8.63856935740514,14.7343055594528,10.4106263657369
"QUEBEC","QC",1878,4.12069860746658,-11.0963874282992,2.70286205060112,18.4037863274719,6.4020200070994
"QUEBEC","QC",2019,5.23155716532589,-9.23114880358488,4.29623061108727,18.4355688543114,7.46000788921141
"QUESNEL","BC",1898,4.18239901772951,-8.91119705715342,5.09287179714778,15.3398041386686,5.16464244766258
"QUESNEL","BC",2019,5.7037019364821,-5.07497887381481,6.26599261835868,16.0535787627681,5.52501142601324
"QUINSAM RIVER","BC",1957,8.53092179031675,2.06681098923251,7.54595497903411,15.6816364699006,8.74971831880921
"QUINSAM RIVER","BC",2019,9.81458150746289,3.32377920747172,9.14792382711482,17.1390531852718,9.77522410691396
"RANFURLY","AB",1904,0.437245985572552,-15.4644091494092,1.10446065534569,13.932558280692,2.1819614423884
"RANFURLY","AB",2019,3.1208803185586,-11.5629261729262,3.78839648751156,16.6973913844782,3.53911186701906
"RED LAKE","ON",1964,0.200600554785019,-18.5452428355958,0.726481662148636,16.4224133148405,2.18728931572628
"RED LAKE","ON",2017,1.87565048543689,-15.2079215686275,1.73024624356386,17.131040221914,3.86471068427369
"REGINA","SK",1899,1.32746432086,-16.2055258613204,1.34508403361344,16.7073949579832,3.34516806722689
"REGINA","SK",2019,3.5631339697383,-12.3909608760929,3.98291340264919,18.1793220338983,4.54713359920239
"RESOLUTE","NU",1946,-17.157281077771,-32.4413962033068,-22.3018196133322,1.94083807190972,-15.7002799405126
"RESOLUTE","NU",2019,-14.562718922229,-29.4557466538361,-19.7296089580964,2.70487621380456,-11.8711486309159
"REXTON","NB",1923,5.4946252966858,-7.54286606400337,3.07749030334721,18.0102712062975,8.10349841007054
"REXTON","NB",2007,5.98883637364239,-6.68812271163874,4.08259753232868,18.4942345003419,8.48905897404173
"RIDGETOWN","ON",1922,8.73649210408308,-3.47437377588337,6.70993234874128,20.7609365421506,10.8191463681691
"RIDGETOWN","ON",2019,8.73386774811487,-3.40088689511975,7.75546257258135,20.2583584597819,10.7762945236778
"ROBERVAL","QC",1913,1.04461418375611,-16.7425587759394,0.085481982533139,16.3132217475311,3.965386958685
"ROBERVAL","QC",2019,3.6276025799276,-11.7658904084783,2.62295685173518,17.6198088959849,6.30933988679995
"ROCKY MTN HOUSE","AB",1916,0.412180796056703,-13.5014281162544,0.613365832188343,13.6029919068207,1.47344628231443
"ROCKY MTN HOUSE","AB",2019,2.23116378976525,-9.86737159231815,2.38439688659618,13.5191622269035,2.58784491884014
"SABLE ISLAND","NS",1896,6.91958916700714,-0.60353156061284,2.90929701645478,14.1262324546564,10.9571433385741
"SABLE ISLAND","NS",2015,8.22487561546295,1.21383965600648,4.35264314644606,15.4143896171738,12.2125979735816
"SACHS HARBOUR","NT",1955,-14.8314295355205,-30.423730162427,-19.3682995987414,3.53265542233184,-12.8799321852072
"SACHS HARBOUR","NT",2018,-11.2013643317214,-25.6535643459362,-16.4570343002714,5.3556231235538,-8.88595956016167
"SAINT JOHN","NB",1878,4.28589773330831,-7.14288437814722,2.61235588649282,14.521971198788,7.12328714742554
"SAINT JOHN","NB",2019,5.54395301296033,-6.15442604344389,3.77930742245002,16.4832587918641,8.09908886545363
"SALMON ARM","BC",1910,6.07730199764499,-5.61490665495279,6.34343388054625,17.0268859346521,6.59320565783224
"SALMON ARM","BC",2019,7.7012832214128,-2.52085045966553,7.92376046356891,18.1730024699276,7.09322012045052
"SANDSPIT","BC",1947,7.56692231650968,2.47617740453141,5.89949260550678,13.1313051496266,8.91253196930947
"SANDSPIT","BC",2018,9.00919853496535,4.54893868768195,7.30387038595646,14.2608591280299,9.61915966386556
"SASKATOON","SK",1900,0.828205969412998,-17.0683171234895,0.992546599760082,16.5093605521062,2.9486039985607
"SASKATOON","SK",2019,3.04837144628085,-13.3069120372452,3.77146870642527,17.6900993957847,4.01109426743207
"SAULT STE MARIE","ON",1944,3.88818650709854,-9.35911673687977,2.07757871908903,15.8423050062965,6.91485741446837
"SAULT STE MARIE","ON",2019,5.58906453618807,-7.22331074089148,3.84048016920102,17.6761091939196,8.10041484322737
"SCHEFFERVILLE","QC",1947,-4.93363773348764,-21.1376603303733,-6.86402998069942,10.3134764262897,-2.07678421453062
"SCHEFFERVILLE","QC",2019,-3.67025006153025,-20.5356892490908,-6.18078920985807,12.2872384337037,0.0339077336547859
"SCOTT","SK",1910,0.543655094539616,-16.9729614257813,0.936297957024458,15.8129798443119,2.56285120678592
"SCOTT","SK",2019,2.08683189636394,-13.4051166462449,2.76181525052271,16.2826616072978,2.8265249574324
"SEPT-ILES","QC",1943,0.708157207680557,-13.3426817228187,-0.651937553992356,13.703622115266,3.19449723404584
"SEPT-ILES","QC",2019,1.29419218195813,-12.2764963593731,-0.287788473404914,13.7319943230902,4.04099509208134
"SHAWNIGAN LAKE","BC",1912,9.11649382079539,2.47809826096233,8.23943027845941,16.011527359289,9.77901876312432
"SHAWNIGAN LAKE","BC",2019,10.0335906514069,3.64690173903766,9.00480049077137,17.1851324420118,10.2768838605707
"SHEENBOROUGH","QC",1914,3.17371615319383,-12.5279006545491,2.72267652402083,16.7553075001085,5.69533271599467
"SHEENBOROUGH","QC",2019,5.49929654635361,-9.25524741096319,4.76977350787097,18.6185675080683,7.83575966760939
"SHEPHERD BAY","NU",1956,-16.0271456422123,-35.6827696453448,-22.2080529710474,4.52861218292128,-12.9600907026136
"SHEPHERD BAY","NU",2016,-14.4633981360858,-32.0622713466853,-20.0981723439799,5.7100281993808,-9.8257037411512
"SHINGLE POINT","YT",1956,-11.0951131939983,-26.5765219332253,-16.125936569017,8.15731726528034,-9.1682931380101
"SHINGLE POINT","YT",2017,-7.98157488945164,-22.672981524557,-12.7906994786495,9.47283396345309,-6.92380622042761
"SION","AB",1909,1.88373061234592,-12.2216556434481,2.48285354867252,14.0176807059409,2.8096376786153
"SION","AB",2004,3.20669408691052,-10.4165380378523,3.40893154869537,15.6828742436507,3.77498016360637
"SIOUX LOOKOUT","ON",1913,0.424370215121876,-16.709739025386,-0.127506695767558,15.9937662283057,2.87910703746488
"SIOUX LOOKOUT","ON",2019,2.72504669535585,-14.6332312046105,2.66090772879973,17.9781247753227,4.61811147150661
"SLAVE LAKE","AB",1923,0.729338894844002,-15.6653716512552,1.47873313370023,14.1308775352969,2.19487827439201
"SLAVE LAKE","AB",2017,2.22524676131993,-11.4734555702331,2.65437983458872,15.2763711586886,2.6878508995362
"SMITHERS","BC",1921,2.82896815539544,-8.31349524076149,3.18642777155654,12.6820366741321,3.76658715422273
"SMITHERS","BC",2019,4.74494983738234,-5.66966265397537,5.29567749160134,14.8484896416573,4.53180138479655
"SMOKY FALLS","ON",1932,-0.47222399363946,-18.2463186142962,-2.29810913609404,15.7246421080381,3.00318679215864
"SMOKY FALLS","ON",1998,0.865956213326491,-16.2430922176141,-0.0790319316477195,16.1098759842745,3.41645274915307
"SPRAGUE","MB",1915,1.00498003413399,-17.0032770696688,1.24620462046205,16.7324411848494,3.00631502323138
"SPRAGUE","MB",2019,3.14631862497487,-13.4667168843753,3.40593456261674,17.7339716666246,5.15373933788222
"ST ANTHONY","NL",1946,1.40362603041989,-8.57213274627949,-1.5021635881958,11.7960542186965,4.40736760787577
"ST ANTHONY","NL",2019,1.80747947890271,-9.41789657824239,-1.08929725262155,12.7645308490469,5.03519408053208
"ST JEROME","QC",1931,4.11905975326381,-11.753842861889,3.44041976210928,18.2288875714779,6.56793684224902
"ST JEROME","QC",2012,5.6434869728231,-8.5502506489704,5.00643701559471,18.8578231700911,7.42067095436912
"ST JOHN'S","NL",1878,4.54198551597097,-4.17414658594532,1.61806739764048,13.4236623460134,7.27030106097315
"ST JOHN'S","NL",2019,5.43662945650698,-2.93187160164967,1.95857925190666,14.6110246185733,8.03583058541577
"STEPHENVILLE","NL",1897,4.15682669947018,-6.07067363082567,1.13409187746036,14.1494279302019,7.051439196799
"STEPHENVILLE","NL",2019,5.55453260984132,-3.99350835525379,2.63133822045378,15.5590448154279,8.14905282477627
"STEROSE DEGELIS","QC",1931,3.28002705181535,-11.1739622926055,1.71899955372379,16.4019698851026,5.90387395340284
"STEROSE DEGELIS","QC",2000,3.15444872661916,-11.7932943615278,2.38095188092302,16.5097975897301,5.41426788667981
"STETTLER NORTH","AB",1917,1.66613269710266,-11.6002738737245,2.04025715033488,15.0700619407737,2.61038324586543
"STETTLER NORTH","AB",2019,3.60838467721705,-10.2662926373556,4.090138269912,15.9958988006825,4.22620687088251
"STEWART","BC",1909,4.88521259543959,-3.78831598445658,4.72635240120444,13.4021869303572,5.735872365171
"STEWART","BC",2017,6.22057737715655,-2.12498929429993,6.29440771616919,14.4223097917731,5.89071254270125
"SUDBURY","ON",1946,3.00841456991954,-12.305910644127,1.79219876050654,17.1338357832076,5.56299023859463
"SUDBURY","ON",2019,4.5830076763244,-10.2009761429731,3.85160850298836,18.1532847100988,6.50350716730008
"SUMMERSIDE","PE",1928,5.63702661588868,-6.57693171775637,2.69162694421092,17.4177108423917,8.91442233507627
"SUMMERSIDE","PE",2000,5.90812571805455,-5.73658876419258,3.37285592571462,17.7041748830691,8.40470099545859
"SUSSEX","NB",1897,3.65831016826667,-9.43838810768509,2.32051158301172,15.4581723223297,6.17429975429975
"SUSSEX","NB",2010,6.61700229004046,-5.95827220203117,5.14555984555989,18.5102286975015,8.69121709371709
"SWIFT CURRENT","SK",1884,2.89802436326724,-12.3867736656005,2.77310469117744,16.9372275126063,4.25865679774531
"SWIFT CURRENT","SK",2019,4.41675240923351,-9.4162566374298,4.44424707265609,17.3785193573266,5.20535612070324
"SYDNEY","NS",1878,5.66450671253317,-4.69325157253032,2.49292851257044,16.0453407538991,8.77011343929036
"SYDNEY","NS",2019,6.38531915739419,-3.60642424840346,2.89454472861706,16.8870266662471,9.31133019148697
"TADOUSSAC","QC",1912,2.91236707538225,-10.4019520958356,1.61040606340336,15.3351141179818,5.04209882917653
"TADOUSSAC","QC",2011,3.29930964361903,-10.4484808859246,2.29557971634341,16.0388839800518,5.94206846469575
"TATLAYOKO LAKE","BC",1929,4.25911088680836,-5.86225777820711,4.19699002366187,13.1206578872097,5.23658184364312
"TATLAYOKO LAKE","BC",2019,4.22314936974454,-4.96491744525433,4.37608570946295,13.5100179907398,4.34972984888944
"TEMISCAMINGUE","QC",1910,3.97002881799651,-11.2805394819328,2.55417116182377,17.2595108404667,6.65867469357611
"TEMISCAMINGUE","QC",2019,4.98571135573629,-9.12055344413641,3.7772387289603,18.2071273711921,7.60494182145902
"TERRACE","BC",1911,6.23423719406522,-3.28846807602593,6.09456804318223,15.0249817764562,6.93254866033492
"TERRACE","BC",2019,6.60595852079992,-2.12575383130788,6.37073241375389,15.7745564763068,6.37225999949041
"TESLIN","YT",1942,-1.87306128931039,-17.4526491330902,-1.17255025474758,11.9479320168633,-0.517382848794956
"TESLIN","YT",2019,-0.630346157418025,-14.6176954565221,0.112490226956929,12.6595813123089,-0.969410237586629
"TETE BALEINE","QC",1910,0.619020487191751,-12.4910512569138,-1.37173659061396,11.6629812044831,4.28382306039712
"TETE BALEINE","QC",2017,1.48233269486553,-10.4768310939832,-1.0861747218475,12.6565009010717,4.73025219435553
"THE PAS","MB",1909,-1.12028482732222,-19.5556372767988,-1.22624575101224,15.5010928176042,1.0297247481324
"THE PAS","MB",2019,1.05325487850709,-16.7293592847207,0.582406863356624,17.2105340410865,3.02128236419917
"THETFORD MINES","QC",1921,3.09819709113668,-11.0351794767157,1.91751209327479,15.7989900147158,5.54077135259214
"THETFORD MINES","QC",2017,5.07438210639292,-9.30220840169041,4.08239643956621,18.0134096412219,7.00789961147827
"THOMPSON","MB",1966,-3.73408341648374,-23.5293349339736,-2.99857382953182,13.5547226890756,-2.11089044102974
"THOMPSON","MB",2019,-2.23658750748354,-20.4386650660264,-3.11742617046819,14.9852773109244,-0.251300139692674
"THUNDER BAY","ON",1878,0.926368164337767,-14.5402133274855,-0.283811415626985,14.6660437438687,3.67802144193879
"THUNDER BAY","ON",2019,3.70442617451963,-10.9497942020807,3.01796862933534,17.0658403141022,5.91038435516264
"TIMMINS","ON",1954,0.72117698298748,-16.1403993855607,0.160985621112538,15.360857193221,3.34108725856962
"TIMMINS","ON",2019,2.4526007329647,-13.3047619047619,1.70353050791972,16.6230137745209,4.84339329865579
"TORONTO","ON",1878,7.0450064575442,-5.03638645414993,5.14089813518907,19.0182782368202,9.00434013944033
"TORONTO","ON",2019,10.0260080352094,-1.94042514005299,8.49533374886887,21.7063594443392,11.8797178315742
"TUKTOYAKTUK","NT",1956,-11.5661961042705,-28.16539558955,-16.8026241061629,7.84872517561359,-9.29951009757819
"TUKTOYAKTUK","NT",2018,-8.47260470287856,-24.2096180485144,-13.2169449634371,9.79521116988988,-6.11475491288628
"UPPER STEWIACKE","NS",1915,5.49506185356105,-6.24400078885454,3.48587322880773,16.5211865065983,8.08380675739599
"UPPER STEWIACKE","NS",2019,6.56291302844378,-4.40454399728507,4.33991498480527,17.2780565042121,8.80573876605825
"URANIUM CITY","SK",1952,-3.97948858590608,-24.8019045778486,-4.36983574244415,14.9327086205946,-1.64561226526552
"URANIUM CITY","SK",2017,-2.50635219140156,-20.7892955168265,-3.35146444736458,14.5284259003916,-0.283995705862353
"VAL D'OR","QC",1950,1.29025916768575,-14.8661177836762,0.59404744525547,15.7610504067634,3.92934321220419
"VAL D'OR","QC",2019,2.53532815795537,-13.3055136031851,1.49079562043795,16.8309778274047,5.04694054670971
"VAL MARIE","SK",1938,2.09658212385997,-13.2367258887841,1.6936361973377,16.6285789130753,3.26169668138007
"VAL MARIE","SK",2011,3.51444148282282,-10.8527521497086,4.13402734781754,17.1473824182546,3.97448590468382
"VANCOUVER","BC",1895,8.82121934697196,2.78633924942419,8.28289798130334,15.1114930226257,9.09493429074652
"VANCOUVER","BC",2019,10.8118385042677,4.51614008941878,9.97825904349004,17.7496640021677,11.0091979406585
"VAUXHALL","AB",1912,3.79687924926889,-10.4551541402403,3.83921835933926,16.8399333974265,4.92399126981221
"VAUXHALL","AB",2019,5.81427574975065,-6.58225324548846,5.95115795154018,17.6298159299182,6.09688755993997
"VAVENBY","BC",1912,5.73852331594429,-6.37728864679703,6.7428993032293,16.4006902805932,6.20154382343016
"VAVENBY","BC",2019,6.83304907379955,-3.87740942881216,7.63751882708869,17.5454635655607,6.02133476637051
"VERNON","BC",1900,7.52979987168147,-4.28630318421407,7.99885962820015,18.5071912761568,7.85625225848614
"VERNON","BC",2019,8.58527977714919,-2.13469094873166,8.98150857997111,19.2925709461653,8.15236843116903
"VICTORIA","BC",1897,9.4770972795898,3.45078051559607,8.69816763993732,15.2958389118359,10.4006729810568
"VICTORIA","BC",2019,10.2590371741917,4.82821108104259,9.4430088306509,16.3108837772397,10.474957271044
"VILLE MARIE","QC",1913,3.14415586737773,-13.371609620174,1.68458049203115,17.7337224872789,6.10845592605145
"VILLE MARIE","QC",2000,2.8242786194195,-12.6074634164835,2.11500276451023,16.8719377684319,5.3964432843343
"VINELAND","ON",1924,8.61080572217912,-2.76243572502477,6.27355897672309,20.1259662276121,10.9510208106485
"VINELAND","ON",2018,9.46361288247205,-2.21994036472258,7.52600931671246,20.8899857359546,11.3622845950063
"WABUSH LAKE","NL",1959,-4.37849418763827,-21.1940426928382,-5.724839248081,11.0800873577946,-1.30659156194952
"WABUSH LAKE","NL",2019,-2.07122263084288,-18.8565405776814,-4.14084829326071,13.2505519384946,1.15852966557519
"WARFIELD","BC",1927,8.57828015304578,-2.95921081112717,8.84666766308951,19.5868435422457,8.55882922922959
"WARFIELD","BC",2019,8.94531961654318,-0.881945701061952,8.83660219810879,19.4883701898943,8.52542980358986
"WASECA","SK",1906,0.337928844977057,-16.832156551677,0.939420330478811,14.9961040447365,1.93872079414347
"WASECA","SK",2014,2.30654038585426,-13.1861299540007,3.07570824767097,16.4015149622047,3.17087459414571
"WASKESIU LAKE","SK",1965,-0.329809956733698,-17.3939989768936,0.118496999106114,14.4275873506871,0.926645888756525
"WASKESIU LAKE","SK",2019,2.1566920422805,-13.1810602840201,2.07238539139317,16.8035615244281,3.1168078451452
"WATSON LAKE","YT",1937,-3.23264930146869,-22.6121086274775,-1.51647006859281,13.4066728116721,-1.92096804748576
"WATSON LAKE","YT",2019,-1.8187941836578,-19.139586453011,-0.283529931407188,14.1378379862622,-2.14320400878732
"WAWA","ON",1939,1.13603302085171,-12.9433469554139,-0.0272798106687731,13.771499980268,3.70158144883713
"WAWA","ON",2017,2.5655797642143,-11.5020068658258,1.4042422162061,14.7342400107929,5.43780720236755
"WELLAND","ON",1881,8.00576065179645,-4.83312179548766,5.88583855402323,20.0978281857493,10.0711210175516
"WELLAND","ON",2019,9.04195872846266,-2.47477108661708,7.5881074489607,20.5499181488322,11.0028137455042
"WHITECOURT","AB",1941,1.27182140320245,-13.2618985560903,2.07864320039941,13.7973710910469,2.47073299678454
"WHITECOURT","AB",2017,3.42976202095567,-9.10629396519806,4.24058540847528,15.4289789545587,3.18201171956195
"WHITEHORSE","YT",1941,-1.256353155311,-17.0518541224107,-0.591034250058243,12.6341398041089,-0.120782186357963
"WHITEHORSE","YT",2019,0.429316662151948,-12.4177185954008,1.08165552244763,13.3910722687159,-0.209007570465197
"WHITESAND DAM","SK",1937,-3.24089075229532,-22.34142507438,-2.74051989953307,13.4303305222036,-0.660673119607321
"WHITESAND DAM","SK",2019,-0.961464048594166,-18.9798510468463,-1.58340701753303,15.7529811412819,0.36341162243663
"WILLIAMS LAKE","BC",1939,3.43720136850963,-7.49815939931708,3.94654293075342,13.8999938080819,4.16051784244591
"WILLIAMS LAKE","BC",2019,5.0793643146015,-5.43930225483535,5.24566486145434,15.3419426621422,4.81460628476801
"WINDSOR","ON",1939,8.99465797360531,-3.51038961038964,7.55267890004729,21.0203743624796,10.893979704506
"WINDSOR","ON",2019,10.4391082601609,-2.0038961038961,9.41355486618644,22.2913139492087,12.0618644513381
"WINNIPEG","MB",1878,1.14598174840007,-18.0353838414511,1.18280710246147,17.7610496306224,3.54849010667695
"WINNIPEG","MB",2019,3.71053999073035,-13.5399784773895,3.81284507145156,18.9244576157544,5.63556786433753
"WISTARIA","BC",1925,1.82086880117913,-9.75654362234793,2.02314805406828,11.8889461981483,2.84561339778287
"WISTARIA","BC",2013,3.04927884958003,-6.34805894771171,2.07373757444592,12.8546238244514,4.13142380847902
"WOODSTOCK","NB",1917,4.42656913611034,-10.1428268634241,3.8458526889381,17.2034565040422,6.88123787477616
"WOODSTOCK","NB",2019,5.26187740337265,-8.40156301219525,4.07085252775334,17.7888226974062,7.34356376010629
"WOODSTOCK","ON",1878,6.43327591256193,-6.03243401239672,4.8598511079262,18.4539822405817,8.28248411801982
"WOODSTOCK","ON",2015,7.99735527075175,-4.33862924169424,6.8333630881252,19.8120056550645,9.95771536713155
"YARMOUTH","NS",1878,6.31800666976574,-2.56107462501412,4.14215182921167,14.6919107760381,8.88243368489919
"YARMOUTH","NS",2019,7.69794770189321,-1.26163748171378,5.42037969827022,16.3561131796905,10.3004772902996
"YELLOW GRASS","SK",1912,2.36828214158318,-15.0646453106026,2.2018348005127,17.2123967467179,3.66654920698361
"YELLOW GRASS","SK",2018,3.74652970256437,-11.8980443702,4.07210700517997,18.4531187581217,5.05064194201613
"YELLOWKNIFE","NT",1941,-6.00350642130536,-26.99902323376,-7.69371076339496,13.7613447131342,-3.10186013609776
"YELLOWKNIFE","NT",2019,-3.18206203110523,-21.8836434329066,-4.79162256993835,15.6493219535325,-1.68825633412708
"YORKTON","SK",1940,0.907848875646799,-16.4792454540721,0.602735957433907,16.7485569996939,3.26725373040949
"YORKTON","SK",2009,2.39264167908112,-14.7836523262431,2.58734178809681,17.2261540851056,3.53360965996184
