"prov","station","trend_annual","trend_winter","trend_spring","trend_summer","trend_autumn","r2_annual","r2_winter","r2_spring","r2_summer","r2_autumn"
"BC","AGASSIZ",0.0864709555585321,0.140640950708468,0.054410768761337,0.064817701383282,0.0743056516759384,0.145269104238061,0.0863538325088278,0.030010855682296,0.07274231189123,0.0731133243772835
"BC","ATLIN",0.147351183937211,0.353245902693273,0.158201118266314,0.125791327050709,0.0432126698369797,0.183757545955476,0.0944381626771817,0.108355180738463,0.190651857442264,0.0100494403406619
"BC","BARKERVILLE",0.143059291750193,0.157489522776036,0.104832119755663,0.118144274741717,0.163138770405887,0.275535174166767,0.063925869485949,0.0700208000136222,0.138413674461814,0.180838917611876
"BC","BEAVERDELL",0.00596139763711891,0.0697113395644735,0.190486609487133,-0.0927384559180153,-0.141796539452694,0.000204270168086292,0.0046338325514209,0.0808445995815211,0.03100125377823,0.045866641011815
"BC","BELLA COOLA",0.169635712236852,0.252482685005963,0.169931188922496,0.140210582100521,0.0934691071073945,0.313821364645084,0.181964361736571,0.233857841830698,0.210100157105164,0.094325072396071
"BC","BLIND CHANNEL",0.169292787367858,0.21503934191703,0.162579249820422,0.128786814079142,0.111585039475445,0.211462765461999,0.0871017198233313,0.123973624123011,0.0904947646259003,0.0655994064734876
"BC","BLUE RIVER",0.225961990322123,0.497061886708081,0.275609711927767,0.0495701669376763,0.0436284372904085,0.23358870550861,0.144786303187471,0.179648566792495,0.0125032771556642,0.00603069875398411
"BC","CAPE SCOTT",0.0540332294941661,0.128653361245933,-0.0535365943877041,0.0299560357854899,0.0893351361390064,0.0514422710487343,0.0675890519158095,0.0322414573705455,0.0141748642344332,0.0881088121178449
"BC","CAPE ST JAMES",0.265339888437177,0.247169234616611,0.209346672340561,0.227184873949579,0.17181701841844,0.393189530752167,0.126725965256833,0.235469569204769,0.256082348508996,0.171024862651497
"BC","CARIBOO LODGE",0.150085268642939,0.200674236782445,0.0425933278919365,0.221907881879802,-0.00476626947754291,0.170543656326464,0.0416534158323573,0.00812448315316996,0.374010803634977,0.000121364692475648
"BC","COMOX",0.178622217195877,0.168747534037819,0.140948198424097,0.206351008333619,0.127093337201988,0.358743765936334,0.100867463917638,0.13656005247081,0.260177899615589,0.148764796069622
"BC","CRANBROOK",0.159790974468768,0.270442797047464,0.117750632490864,0.185813568680088,0.0941813538353783,0.280995247376184,0.140222787334306,0.0878313762344666,0.322646961996125,0.0656490479745797
"BC","CRESTON",0.13953815778967,0.238272792593498,0.138365018485299,0.103539874332101,0.120826729618998,0.231952406416191,0.153111916750757,0.137758873575648,0.106331704775805,0.11217344890271
"BC","DARFIELD",0.171723796752512,0.269912045454596,0.142897035447823,0.171002440613736,0.0200184124687125,0.252226097195565,0.0933847005645928,0.11404646368838,0.266228864475039,0.00304770954076735
"BC","DAWSON CREEK",0.276764978020225,0.720816017449335,0.186337166701375,0.196888192320334,0.0248993789850734,0.191224714295383,0.125126635984784,0.0343793662119481,0.219888595286115,0.000674985423931749
"BC","DEASE LAKE",0.15772916700449,0.493678822648037,0.223820053549993,0.0868169371194086,-0.0557548659147609,0.107307395016275,0.105261494093688,0.102306675726526,0.0477094000151872,0.00527066359843058
"BC","ESTEVAN POINT",0.089382380336617,0.0929006927631978,0.107232036172769,0.126633237388129,0.0662342160783457,0.151139005706579,0.0438693824500717,0.11066100941584,0.229979766049084,0.0579874770940502
"BC","FAUQUIER",0.134372326121501,0.251326830728849,0.0659054593924242,0.106060110081068,0.0937121747465486,0.190917906099171,0.124635793169049,0.0366061561926119,0.0980942268882496,0.0741165351126168
"BC","FORT NELSON",0.254203165354471,0.605323707942195,0.173928919182084,0.131066381497505,0.0317393342709657,0.270925137873507,0.216315815758614,0.04616165956994,0.150685192448603,0.00191238671334293
"BC","FORT ST JAMES",0.231527578128715,0.226552513217076,0.237290670982226,0.251998194588569,0.182944137292819,0.411774678397241,0.0694629974882663,0.231350973526347,0.394752690294741,0.150028049911393
"BC","FORT ST JOHN",0.228092959671907,0.622103252844806,0.129908066616926,0.125112781954887,0.0146958304853032,0.17939736745117,0.147795288141283,0.0266298266416943,0.103702840146107,0.000307954162502019
"BC","GERMANSEN",0.305359107339305,0.590038024728665,0.273215122587523,0.238383274454597,0.189984623624346,0.257918933030714,0.131105582603447,0.137232934750161,0.205227913671943,0.0489811713812806
"BC","GLACIER",0.150991980773475,0.246998051962265,0.142744459663501,0.0975217225969333,0.047034109282799,0.237354173459394,0.133387803858025,0.119153996329227,0.0974764542566742,0.0147819825248266
"BC","GOLDEN",0.196608277024367,0.301925878462417,0.14254771835582,0.216283624181656,0.0543597629261454,0.336961564217561,0.12947096636213,0.146371450549145,0.421003777677969,0.0208036694862852
"BC","GRAND FORKS",0.198133397768362,0.402197007496866,0.163042407223564,0.0915114322540667,0.126522401468693,0.319262746286301,0.218391668798034,0.142647932164336,0.0738692922390366,0.0937157720197849
"BC","KAMLOOPS",0.106667967043917,0.185950393003494,0.0761406721187952,0.0886750744161401,0.0764422525286477,0.152315859101375,0.0650518252720518,0.0544258024054256,0.104416128495745,0.0532322630500588
"BC","KASLO",0.155285553734113,0.214355997154044,0.158264731446961,0.172958550714089,0.105043807804831,0.297919399436139,0.160992444567546,0.168447767156909,0.240221298471689,0.118185892449229
"BC","KELOWNA",0.197496877337134,0.36653501706353,0.208488499959972,0.177071266104686,0.167914577504771,0.359768467816322,0.228734809374848,0.285867276073058,0.273289937047738,0.211736311142618
"BC","LANGARA",0.0707191646384556,0.151708780179812,0.054900632339657,0.0677408762224936,0.00803974706413777,0.0609024652070609,0.0703285036062006,0.025363514055131,0.0455419010828188,0.000536710266235438
"BC","MCINNES ISLAND",0.147929881172073,0.229140857098182,0.159436175976647,0.105435444579781,0.158792974085688,0.168704301050668,0.0958809213595176,0.0974671393760371,0.0821013707793376,0.14657690049049
"BC","MERRITT",0.387398153177621,0.472607881069937,0.306080582813441,0.456538086855462,0.253716923034151,0.383131248003953,0.0987768825808982,0.184439188627085,0.393894009364311,0.114103344363474
"BC","OLIVER",0.133763776610523,0.174696399987664,0.115455816741026,0.228538349084621,0.158832338594183,0.084206213046849,0.0275184607629097,0.0575585988457048,0.114134392521152,0.06490403446541
"BC","PENTICTON",0.119051708590617,0.173966679092556,0.0745065332221296,0.142663931654758,0.0773573635235148,0.199736452344845,0.0738979454503526,0.0576044646347373,0.216709190301891,0.0727169298604948
"BC","PORT HARDY",0.163334567444158,0.221430334444037,0.183882512649637,0.155436258175984,0.102647167715661,0.310538813800517,0.138441456363534,0.222712300969878,0.253482681865974,0.0922910229015943
"BC","PRINCE GEORGE",0.176416161620805,0.369403519880403,0.143316650058074,0.165344099990142,0.0338710209876975,0.218386082022453,0.120728712390249,0.0953517545606797,0.288072348502547,0.00522626193888337
"BC","PRINCE RUPERT",0.129251045412151,0.272313042342096,0.18003410000348,0.0304820202341825,0.0737279766939889,0.209507496316298,0.211322172103634,0.232413843765996,0.0153970846183445,0.0548831780163669
"BC","PRINCETON",0.143668633669144,0.241141106314562,0.083635685475331,0.130261772755982,0.0687772737890314,0.270266462622051,0.138799488947709,0.0598103477588489,0.213913656609323,0.0532605879671366
"BC","QUATSINO",0.114708307184959,0.190243858437279,0.117538799212732,0.0410431692331785,0.0979603197204999,0.242552580784603,0.212641885212689,0.165465352389983,0.0337441150207092,0.148565540602413
"BC","QUESNEL",0.125727513946495,0.317042825069306,0.0969521339843717,0.058989638355334,0.0297825601942693,0.151178327578954,0.126017227246488,0.0575659459519554,0.0445541252981087,0.00574225808301421
"BC","QUINSAM RIVER",0.207041889862281,0.202736809393421,0.25838207227108,0.235067212156632,0.165404159371733,0.253094006960929,0.062471188533179,0.219532417260147,0.203435154343756,0.109625112782834
"BC","SALMON ARM",0.148989103097964,0.283858366540116,0.144984090185566,0.105148305988581,0.0458728864787413,0.202701847115359,0.135205860620724,0.125939071657384,0.0912552486597551,0.0164120926176947
"BC","SANDSPIT",0.203137495557135,0.291938208894442,0.19779968738728,0.159092109634259,0.0995250274022655,0.267763834595759,0.161920372442234,0.180721199024091,0.119052040089264,0.055322881880993
"BC","SHAWNIGAN LAKE",0.0857099841693039,0.109233969913582,0.0715299263842955,0.109682718011468,0.0465294483594737,0.150098244317444,0.0679197456003647,0.0472024090814341,0.137523826869335,0.0304900452773731
"BC","SMITHERS",0.195508334896623,0.269778835386338,0.215229563269877,0.221066629339307,0.0780830847524301,0.303565831957547,0.0804403243568381,0.230025174543355,0.303656802765798,0.0317390381116986
"BC","STEWART",0.123644887196015,0.15401173057006,0.14519030694118,0.0944558205014731,0.0143370534750229,0.156478530046802,0.0548729386195137,0.109914803571799,0.0730264106365283,0.00123894167654004
"BC","TATLAYOKO LAKE",-0.00399572411820235,0.0997044814391978,0.019899520644565,0.0432622337255646,-0.0985391105281871,0.000171133930941752,0.011201341631793,0.00191987946765645,0.0153195920170387,0.0378963281965143
"BC","TERRACE",0.0344186413643243,0.107658726362783,0.0255707750529315,0.0694050648009797,-0.0518785797078255,0.0173880439875376,0.0264068695719109,0.00505520681722942,0.0421934929118115,0.0210508234684462
"BC","VANCOUVER",0.160533803007722,0.139500067741499,0.136722666305379,0.212755724156618,0.154376100799349,0.491725530054178,0.127211737559729,0.264325343420147,0.559741566023993,0.359567216066961
"BC","VAVENBY",0.10229212690236,0.233633571774287,0.0836093012952707,0.106988157473594,-0.0168419679494998,0.100324944207096,0.0654605316823046,0.04627480370847,0.128944438741265,0.00206808675487872
"BC","VERNON",0.0886957903754387,0.180807750880875,0.0825755421656271,0.0659982915973564,0.0248837119901587,0.119546262730896,0.0763145770867496,0.0603443168435742,0.0555755786298895,0.00657825300850203
"BC","VICTORIA",0.064093433983763,0.112904144708731,0.0610525566158671,0.0832003988035887,0.00608887622845746,0.126949378230156,0.0991436239585671,0.0490137638056662,0.157340792212178,0.000896659360185387
"BC","WARFIELD",0.0398955938584128,0.225789685876655,-0.00109407228051275,-0.0107036252555799,-0.00363037235214497,0.0152179760470383,0.0988715768597409,5.83100197071701e-06,0.000630385103868331,6.93117319305472e-05
"BC","WILLIAMS LAKE",0.205270368261483,0.257357143060217,0.162390241337615,0.18024360675754,0.081761055290263,0.189294523110919,0.0457587278720789,0.0744963407431799,0.14787230829051,0.0168588604520332
"BC","WISTARIA",0.139592050954647,0.387327803935936,0.00574880913382214,0.109736093898082,0.146114819397291,0.107344479391114,0.117282369058222,0.000119108530343031,0.067348945242741,0.0692957861787362
"YT","BURWASH",0.427333581256978,0.9598843417543,0.261089076024307,0.295216799649913,0.0870118952545039,0.22226955673753,0.14408607968354,0.0363179212522521,0.287734130800092,0.00485416024918094
"YT","DAWSON",0.218438797464407,0.400759905432447,0.294908889540748,0.136431777476502,0.0182462924565474,0.235928223279808,0.110952638732088,0.204216498904342,0.24762626169136,0.00083055613377627
"YT","HAINES JUNCTIO",0.328613801868894,0.708470423521181,0.33176081863265,0.172289957687707,0.137640755989881,0.330746109173917,0.183046340466132,0.19332173013585,0.181683406065447,0.0261768299895671
"YT","KOMAKUK BEACH",0.530577736026292,0.602742070434322,0.483498884198402,0.408161401077267,0.425182263890037,0.377038632747428,0.162824681418297,0.141696214380327,0.272210536504754,0.119374442039341
"YT","MAYO",0.305945649058702,0.524668096607517,0.290949579439084,0.234741141619057,0.00290057192757574,0.228384967336499,0.0817965434944843,0.137085084384988,0.400851113345077,1.12718513913809e-05
"YT","OLD CROW",0.615557170389565,1.0842011477375,0.590266174589476,0.313007706388551,0.356043468694561,0.490860511071357,0.382299544703669,0.205979582522966,0.262511313277392,0.116729918653247
"YT","PELLY RANCH",0.562807475720225,1.13236897426519,0.41722399079746,0.314517454121116,0.239845053817773,0.319587935815444,0.200451893734735,0.10977433195052,0.342724796365486,0.0328297446474368
"YT","SHINGLE POINT",0.510416115499456,0.639924657158739,0.546760178748776,0.215658475110286,0.367948675013523,0.37040013978526,0.174897456230342,0.128855867845533,0.0730436762491295,0.102878058402126
"YT","TESLIN",0.161391575570437,0.368175802151695,0.166888374247339,0.0924219864215033,-0.0587048556872303,0.105584647908724,0.0495124566885667,0.055142785262405,0.0546437765954423,0.00566300276030489
"YT","WATSON LAKE",0.172421355830596,0.423478313959329,0.150358553315319,0.0891664847061053,-0.0271019465001903,0.12297412869279,0.0834349831522183,0.0429436851266287,0.0622854222450374,0.00130863380983579
"YT","WHITEHORSE",0.216111515059351,0.594119939360242,0.214447406731521,0.0970426236675649,-0.0113109466804145,0.152333371496699,0.107543555656792,0.0714391960953441,0.0549732165643308,0.000179057890216577
"NT","CAPE PARRY",0.435056759150095,0.863088591999382,0.520384050910795,0.210164179036574,0.459820402679825,0.235759559285174,0.287690983680002,0.162881984437811,0.0663695635768532,0.153531901157549
"NT","FORT GOOD HOPE",0.494992789617049,0.861429507230669,0.458636836976269,0.319962122102493,0.271842138949134,0.562231221164963,0.382851712705238,0.216966052632695,0.365244525384356,0.122923189316245
"NT","FORT MCPHERSON",0.245563315777424,0.488450711422242,0.327598447689005,0.170288451618806,0.0695704950764619,0.124423159156606,0.126649276680746,0.0961376736305076,0.11676241718052,0.00615245636261878
"NT","FORT RELIANCE",0.360068719002381,0.643031538636686,0.262887988631908,0.365249249193269,0.320101795173446,0.239788723372702,0.20343267765985,0.0448196996657981,0.210589517445064,0.135125031011742
"NT","FORT SIMPSON",0.299195958308592,0.450017088906062,0.383485542585299,0.189824184313239,0.114762029197892,0.452123852592991,0.25861357991913,0.300842740848246,0.364752742974651,0.0502232050922882
"NT","FORT SMITH",0.425772518742716,0.581080679956779,0.38252946102145,0.273627550841412,0.211745071256417,0.576057967516638,0.269497407206909,0.220340676079028,0.390588916793588,0.123092199605975
"NT","HAY RIVER",0.305919356505705,0.492529166815528,0.324939954396749,0.276627004441297,0.215372063105859,0.501538203325357,0.278626517952422,0.216773030711965,0.521647623396997,0.189687307752806
"NT","INUVIK",0.757738650831412,1.28013337038066,0.819033064740197,0.234565156988046,0.700981948859117,0.574141816014681,0.505999627997888,0.273303493910364,0.0924031290384105,0.324761155245507
"NT","MOULD BAY",0.369880283598596,0.459421621852689,0.378443049572119,0.166680670251585,0.433112500135648,0.336959276919663,0.204668773125024,0.188579379708764,0.0826912624575266,0.234592394662707
"NT","NORMAN WELLS",0.334292724818005,0.637719363198807,0.270092558311732,0.219607552758237,0.175450704663117,0.343428277325612,0.258836329365605,0.0726988463377402,0.219740516931108,0.0536390621058702
"NT","SACHS HARBOUR",0.576200825999864,0.757169177220776,0.462105602931745,0.289359952574915,0.63396390873738,0.374877179068883,0.330960846421753,0.155517103015204,0.114712204207271,0.320952454201745
"NT","TUKTOYAKTUK",0.498966355063213,0.638028635650907,0.578335345600932,0.313949353915531,0.513670191079341,0.370209911850776,0.238793602396344,0.194912034787078,0.135179114777674,0.203408678779708
"NT","YELLOWKNIFE",0.361723639769247,0.655817923186339,0.372062588904693,0.242048364153626,0.181231256662908,0.317733932904809,0.231478664154662,0.125445783485201,0.226805712272872,0.0490739059615554
"NU","ALERT",0.318464870345828,0.499800462926013,0.220314923867044,0.117057987685229,0.479607311038393,0.268562322136324,0.275444322108707,0.0567183510653197,0.0601985741277265,0.278700660115713
"NU","ARCTIC BAY",0.145909984375787,0.280089145708903,0.0899878593935313,0.0956501397452011,0.127801586944096,0.0820414885099455,0.0726463051212172,0.013189024191235,0.035699980948899,0.0234503943125271
"NU","BAKER LAKE",0.354424774307827,0.641295398408196,0.22361339084628,0.296192832628303,0.377845984699255,0.282750191469479,0.287690920604577,0.0588997620624728,0.179447405252983,0.156895463489916
"NU","BROUGHTON",0.237713413061888,0.198043015467751,0.301400903775143,0.417488921102631,0.422098696507028,0.132694465576292,0.0198551184729116,0.0924563984024112,0.257798135589823,0.206405892254955
"NU","CAMBRIDGE BAY",0.394072610683933,0.433225678508701,0.237676654677279,0.171495899782085,0.442131476844336,0.357988852358475,0.208791316891455,0.0855627545467718,0.0687714121591162,0.219439053579898
"NU","CAPE DORSET",0.273718191221023,0.32060759173711,0.0449290344673946,0.401285832496289,0.272261668753286,0.280349178205797,0.11395550928482,0.00576327699459084,0.52200062350046,0.199244850776859
"NU","CAPE DYER",-0.0643667742286315,0.0425781970659497,0.154403062022813,-0.137760600924753,0.00906202825406231,0.00540586872525081,0.000394221477296747,0.0204149719494719,0.0297997964258078,0.000112350043580143
"NU","CAPE HOOPER",0.291030076334656,0.204425603822514,0.248660701462092,0.35153836746449,0.475366421772709,0.209955666730922,0.0257923013154863,0.0777594294120557,0.226873328873182,0.242965367072851
"NU","CHESTERFIELD",0.162758610732362,0.299908473028207,0.159544756719137,0.262784460350319,0.276561593695627,0.0817773878569967,0.092337591453897,0.0442109461521433,0.241511631636681,0.0948963656908688
"NU","CLYDE",0.345252641090835,0.477413418902151,0.285920930979552,0.210459347438906,0.354078448470687,0.239881554219773,0.113575573655815,0.109162774329188,0.139226143210805,0.147239349318978
"NU","CORAL HARBOUR",0.257423854502947,0.300673606858543,0.0727835647504806,0.284325904274752,0.372420800487456,0.141312464706088,0.0569547079605169,0.00592471873486324,0.204882507619213,0.132710252124525
"NU","DEWAR LAKES",0.229515471550019,0.226223172300566,0.393686795137906,0.31970038717465,0.359544877931093,0.0954248470141048,0.02219753891494,0.120080694858531,0.124268259126453,0.114991869054452
"NU","ENNADAI LAKE",0.41357445786989,0.639288284134827,0.310863549670918,0.303005487980062,0.342011408056498,0.295466514482537,0.261962887652526,0.0695077047535372,0.180684913923842,0.162860254442896
"NU","EUREKA",0.278804856515073,0.308507548712542,0.195843035462075,0.162905603117558,0.469328549070504,0.185202853373655,0.0947358485401862,0.0398573486205714,0.0754844017737074,0.188862161964794
"NU","HALL BEACH",0.388215523519931,0.283818514723411,0.436287857738255,0.264986637594191,0.554894069160925,0.231814155861625,0.0354988498050644,0.172001538478303,0.179861335426692,0.210302840367412
"NU","IQALUIT",0.204156724724206,0.178189045292104,0.0471779166608931,0.0915209411576883,0.293420223624689,0.0603240382101158,0.0111666193393554,0.00179792541280978,0.0398285056952347,0.0981186178907379
"NU","KUGLUKTUK",0.32068589381654,0.412884766728451,0.212183152277492,0.335980559232394,0.30570760295393,0.280252888129931,0.165468485002989,0.0646404784382143,0.281188524905435,0.14179538780932
"NU","LONGSTAFF BLUFF",0.297941667328933,0.0335007605826305,0.386454574465475,0.212209013269109,0.520424292053094,0.0919252169217498,0.000368309314814628,0.0898655417820827,0.0468977243530836,0.126026114584342
"NU","LUPIN",0.538390379278454,0.907982517690204,0.611379194254293,0.451801953594376,0.26017630282603,0.286704118106617,0.28843464714099,0.161613090604669,0.240521014675378,0.062670756155172
"NU","PELLY BAY",0.645729374987864,0.553239832186368,0.526296958855098,0.481846167812512,0.835770860471047,0.373385294093371,0.10782549333165,0.208392044987223,0.225963150338738,0.324182543504751
"NU","POND INLET",0.18245106189114,0.209187885674539,0.0588783353708161,0.252442894994406,0.14284118537947,0.121862754673735,0.0672467751229818,0.00821979436665004,0.370330684610103,0.0418583489530378
"NU","RESOLUTE",0.355419473361909,0.408993088968593,0.3523576240049,0.104662759163678,0.524538535561193,0.327621482460606,0.18626897675104,0.159196925755965,0.0314418976074107,0.314455805432355
"NU","SHEPHERD BAY",0.260624584354417,0.603416383109922,0.351646771177918,0.19690266940992,0.522397826910408,0.102368038078743,0.148975898891499,0.11847921963461,0.0557786413218237,0.157614195523166
"AB","ATHABASCA",0.214628765508379,0.231584331295979,0.292227963960825,0.232946841983429,0.163498325024901,0.22997279132433,0.0403626136927097,0.170525125137372,0.436097424400764,0.0595635234407677
"AB","BANFF",0.119155855354914,0.127815177493886,0.13521941704988,0.127651428769549,0.0928072436092643,0.217486605551909,0.0448403744846261,0.119697751629796,0.24978515930759,0.0625589597026889
"AB","BEAVERLODGE",0.0898333468960036,0.247179829347869,0.121847948293336,0.0535976701523859,-0.0452927997188426,0.0544845570917642,0.0471657048128705,0.0401227599293529,0.0410885235061296,0.0059447132013855
"AB","CALGARY",0.168833167861876,0.308891590530804,0.14187881222835,0.109755720649353,0.124832379352267,0.305660713033853,0.145872253614889,0.0890915362576574,0.192668243441795,0.0819746573106726
"AB","CALMAR",0.195569800217585,0.349826496132196,0.247325017980012,0.157390555124791,0.0787611908599084,0.183478257246198,0.0774308617026609,0.122618346111382,0.276614286498788,0.0138615611406523
"AB","CAMPSIE",0.116132617209835,0.286594370245397,0.0719844813644511,0.139222405223268,0.0342554785596721,0.0934922881895667,0.0698292110314371,0.0154975506533904,0.280488931065093,0.00368072009308499
"AB","CAMROSE",0.36871113038948,0.78760879375927,0.404403377051973,0.174847450994778,0.119693078521795,0.38750163032358,0.259386511911862,0.169446903792556,0.191022010567011,0.0222307516664607
"AB","CARWAY",0.11565012565647,0.260685209359997,0.126147224761944,0.0127931739342914,0.0399088211882191,0.11599239030334,0.0779304549707501,0.0549636917258202,0.00153845070487259,0.0053857933443639
"AB","COLD LAKE",0.207637924078311,0.38024474936364,0.192886603510546,0.123220066072771,0.084770244025882,0.218876305550754,0.106986201427929,0.0729355037655807,0.141524420822566,0.0181901602033769
"AB","CORONATION",0.412653725505636,0.572591287676013,0.382542860880896,0.247886592609297,0.253710550529357,0.442815634376739,0.160703517675266,0.177234441403084,0.346625843950324,0.115874437648853
"AB","EDMONTON",0.20111015735146,0.339168704612915,0.154220880183051,0.219114068985258,0.156273915104698,0.364704658085112,0.160087994283185,0.0964636740105591,0.581060090643693,0.122124779689418
"AB","EDSON",0.082817765920608,0.226875342229888,0.0952134028326182,0.06621925583139,-0.0517548002049695,0.0573300198534068,0.047916671157486,0.0314827666330321,0.0623860809685412,0.00819895358621553
"AB","ENTRANCE",0.0702928129377285,0.224446836435052,0.143218006818273,0.14903261596216,0.00928121240900743,0.0406277841772848,0.0365697253166914,0.0807879097585061,0.211824056863293,0.000299515775437813
"AB","FAIRVIEW",0.218151450416338,0.511876020517469,0.171603905129956,0.167601633158468,0.0392736758817023,0.166536960111476,0.131387902146004,0.0503410354179924,0.227007769427423,0.00269700064033207
"AB","FORT CHIPEWYAN",0.192347509491401,0.32506561959904,0.265146022656016,0.0992660041606824,0.0750328239315972,0.312455738158196,0.154595547985206,0.185854186625711,0.138306607685509,0.027667580236709
"AB","FORT MCMURRAY",0.348041262576481,0.621479024108174,0.297733641417685,0.194630168899243,0.203121712550368,0.466487294234689,0.259495233863245,0.17462556061641,0.339078897621596,0.104313051788726
"AB","FORT VERMILION",0.306173182242637,0.502775416453874,0.351739226726273,0.175848174424905,0.185684107775459,0.387401726708252,0.228545577541481,0.24257030787671,0.272951933301112,0.103545731480277
"AB","GLEICHEN",0.0708680015450626,0.292301929571948,0.0754557376870394,-0.000246183984553884,-0.00177050252831404,0.039248958273257,0.0856447204644314,0.0167224049277431,8.89285560529742e-07,1.2147764403135e-05
"AB","GRANDE PRAIRIE",0.255503082409674,0.429821405107925,0.269726553801879,0.147930227595113,0.0510384930288214,0.255598241632241,0.0893256511627013,0.112502016342921,0.201675889572051,0.00536528058968198
"AB","HIGH PRAIRIE",0.15183340785517,0.510227263260496,0.118564177715336,0.131033789626625,0.169161605230583,0.129732128442753,0.171001641095731,0.0328210613254016,0.191596578300246,0.0735778446586233
"AB","HIGH RIVER",0.115131807748487,0.261139888806471,0.0944278116728572,-0.0607571522943244,0.0663775453113043,0.0731997463330022,0.0508148305931218,0.0244235102114255,0.0330444884228177,0.0139371293219221
"AB","JASPER",0.233397551228365,0.276327822341579,0.19959322901596,0.171027747311145,0.0619189279635277,0.248393344465045,0.0516800587521204,0.11653840713684,0.211598501114215,0.0112054905786177
"AB","JENNER",0.238666318905464,0.522400295883901,0.170204845252547,0.0696370560075413,0.0939393362736645,0.251250713844303,0.157325794762663,0.0705527690651502,0.0355248447311082,0.0274870644082899
"AB","KEG RIVER",0.137378274535165,0.506711881161747,0.167112789923501,0.084390394835828,-0.221930999669948,0.0622121411664157,0.109477755527167,0.0409729415371494,0.0472063713224525,0.0588121340130887
"AB","LACOMBE",0.103538765345845,0.233148830717804,0.0830600622360387,0.0436622263729547,0.00826562401847302,0.0951975523973697,0.0635474018580305,0.0229481542688833,0.0337938451194718,0.00027213728402329
"AB","LETHBRIDGE",0.163255767360839,0.270683337398591,0.171652950671936,0.14260222050523,0.0828450038751364,0.216181306070612,0.0784366528586959,0.103839448398278,0.251600150540423,0.0276760258120771
"AB","MANYBERRIES",0.164935595566689,0.378623196611316,0.174564887505209,0.028799453831149,0.0763005391084609,0.126140829186998,0.0893842553585862,0.0580770625217069,0.00617773422768281,0.0159022536545121
"AB","MEDICINE HAT",0.173950784136781,0.364969208074038,0.155798247314351,0.079567754321643,0.119384427192054,0.288746593245468,0.162959296629527,0.0986242798836891,0.0858648583637346,0.0696981003916976
"AB","OLDS",0.12085331045481,0.26401492495828,0.096034033735081,0.0741255866906883,0.0269551512438315,0.102602958314668,0.0583341492937552,0.0239259840258701,0.0643670562282236,0.00202579951980137
"AB","PEACE RIVER",0.219599580750027,0.322683259096651,0.167884548026612,0.245644329809178,0.124458238527101,0.290696828912255,0.0934952258554049,0.0825724148777676,0.410010444688402,0.0623687489003379
"AB","PINCHER CREEK",0.0934240898053984,0.145460379630744,0.0761049033559862,0.0667201029034046,0.0366471264135452,0.0849614861053624,0.0302231322229405,0.0254952385547681,0.0632161580946965,0.00635373033694148
"AB","RANFURLY",0.233359507216178,0.339259389259392,0.233385724536163,0.240420269894453,0.118013080402666,0.342721330904047,0.114642642529718,0.145431408604951,0.493875071300001,0.0466038598996448
"AB","ROCKY MTN HOUSE",0.176600290651315,0.35282102174138,0.171944762563867,-0.00813880387545555,0.108194042381137,0.161643903378334,0.102999550301173,0.068485913169032,0.000600132376155746,0.0346578836470359
"AB","SION",0.139259313112062,0.190012379536396,0.0974818947392474,0.175283530285241,0.101614998420112,0.102963354094756,0.0249703300535975,0.023492516574558,0.263703065506334,0.0213187575249733
"AB","SLAVE LAKE",0.159139134731481,0.44594851925767,0.12506879796686,0.121861023765079,0.0524438962919353,0.137799528454532,0.138811106223477,0.038353412858687,0.193256868742382,0.00750960467405515
"AB","STETTLER NORTH",0.190416860795528,0.130782474153813,0.200968737213443,0.0907683195989112,0.158414080884027,0.204401443145486,0.0134835405393629,0.103478016727249,0.0591752416186885,0.0545011890533793
"AB","VAUXHALL",0.188541729016987,0.361953354649703,0.197377531981395,0.0738207974291268,0.109616475712875,0.28552155097,0.115610337717391,0.1372123389277,0.0734835917432261,0.0445484871058133
"AB","WHITECOURT",0.283939554967529,0.546790077748978,0.284466080009983,0.214685245198926,0.0935893056286065,0.314111888040807,0.14305125032345,0.116233140789272,0.254494338789019,0.0153731454174756
"SK","ANEROID",0.129781814993483,0.232551239814624,0.18681889802523,0.122395899231423,0.035902271945019,0.0708007407779774,0.0317349780063968,0.0508495473695623,0.0651968254882666,0.00317511986796078
"SK","BUFFALO NARROWS",0.504090173138696,1.05185766708933,0.405468668682236,0.353834098182195,0.424263219624187,0.26344259322525,0.209375325624711,0.0662355226566273,0.251755655126575,0.122319561135786
"SK","COLLINS BAY",0.179664933564415,0.559805796675008,-0.293206604951347,0.320459409876166,0.282068585332461,0.0308308594842005,0.0733369197660306,0.0329307152300116,0.110240508846129,0.0493591957599054
"SK","COTE",0.0856620630990052,0.226561509863271,0.105913762787016,0.0419661454904598,-0.00627786275898645,0.0439839674930993,0.0462413675677642,0.018811637233152,0.0121605215022443,0.000110833814388802
"SK","KEY LAKE",0.289218207959058,0.543908813621318,-0.272301081476176,0.343363723544827,0.575963508634994,0.0661908110765838,0.054794565727829,0.0187892436301598,0.158059933788386,0.139511675672756
"SK","DAVIDSON",-0.0369568794276694,0.127389763020493,0.0316996098564846,-0.0473597942963173,-0.0836468344748588,0.00595512749269238,0.00995208349341209,0.00144957653644786,0.0134561944622852,0.0155889697792093
"SK","ESTEVAN",0.199276588349217,0.27572629592336,0.165171276464553,0.174565579396199,0.0103146990405818,0.261825912478857,0.0898848135927692,0.064870657550888,0.214075811423723,0.000570117561348105
"SK","HUDSON BAY",0.237833281878808,0.496256071739947,0.238833887145858,0.0982599263972637,0.108945573933885,0.230353856755526,0.139235218408124,0.0668356014511607,0.0486749955631947,0.0233899757731477
"SK","INDIAN HEAD",0.253962270986043,0.402270617623825,0.259596456692913,0.144549863041047,0.196580683195542,0.421183765462152,0.203876289392875,0.183528629540459,0.21308085608531,0.166080614946958
"SK","ISLAND FALLS",0.193195361352594,0.38737410450941,0.159041757057604,0.0493238730381122,0.0677285880412141,0.175766330339826,0.125503837461576,0.0433274718836106,0.014298080648596,0.011218893279441
"SK","KELLIHER",0.225622410445552,0.3735674982785,0.290987756021099,0.208598250865975,0.131327188604321,0.313651890636799,0.15099804950253,0.198799343879812,0.276807195342037,0.0691233233758112
"SK","KINDERSLEY",0.218810355113161,0.420494303744735,0.310483420524721,0.051620407777317,0.0680303042918273,0.162649593137302,0.0870066914500922,0.0968361608930386,0.028235434098225,0.00851408798287077
"SK","LA RONGE",0.271128513967836,0.396991879643928,0.276113556849878,0.14732654850481,0.140345267986185,0.330909202096017,0.120890638647756,0.14909751543353,0.158644786394802,0.0573616398860748
"SK","LEADER",0.12150634645134,0.308852760774574,0.0969023986191954,-0.0122338774019974,0.0827111570729117,0.0954066265876238,0.0744114874649874,0.0222146232673544,0.00136350544331019,0.0191584210575578
"SK","LOON LAKE",0.277791298326918,0.632840554318548,0.203912191381036,0.121525219371693,0.113811865887466,0.235261513692401,0.190345209474262,0.0638527810880466,0.107529420608873,0.0280441988410182
"SK","LOST RIVER",0.139792699425228,0.252734243540178,0.151914959446618,0.0846486123742264,0.0241721704624155,0.141971581640025,0.0633891760072096,0.0569197054786412,0.057734686229768,0.00214383916219347
"SK","MOOSE JAW",0.116505422628769,0.243963464694266,0.125498522566744,0.0143699193612181,0.0624707234004834,0.140745727996503,0.0833258064332032,0.0540209882789695,0.002347679724447,0.0206353974262135
"SK","MOOSOMIN",0.188333225593104,0.187517855590204,0.550074697960424,0.148853821500352,-0.137200775399734,0.0774805029938133,0.0118950771055137,0.184050075334538,0.0524785497845561,0.0230194128233792
"SK","NORTHBATTLEFORD",0.163189287596417,0.337984277513152,0.174524962070602,0.0695008833193983,0.0784001931378083,0.254922777186424,0.1650995474502,0.0944433675006581,0.0721790115455722,0.0297640373242486
"SK","OUTLOOK",0.144497600724619,0.282072553342754,0.178050873456506,0.00914815928394278,0.0849291273228921,0.138507950018168,0.0667681383994592,0.0724059796109493,0.000868561939970619,0.0266198424311657
"SK","PASWEGIN",0.41162061532432,1.0021032986987,0.583897719419492,0.201245675487505,0.000809716599190762,0.155053062559625,0.155338263096856,0.0924372914002238,0.0493112937374076,3.59915060045823e-07
"SK","PELLY",0.411571309862091,0.777290697894169,0.387595873161226,0.21293210098404,0.218722489412765,0.366309985926437,0.229252011836399,0.116651713238817,0.131660271000875,0.0664490372264077
"SK","PILGER",0.111890632742752,0.227951216404975,0.170903319381636,0.0462946024464107,0.0121219003979737,0.10222915257978,0.0504823714343801,0.062537562996916,0.016775050142838,0.000453932035639026
"SK","POPLAR RIVER",0.234771952766748,0.372187914963838,0.218186754932639,0.111107995962768,0.0146217757842064,0.074220791458353,0.0297573660655542,0.0199588641762859,0.0211897804005293,0.000159416986114247
"SK","PRINCE ALBERT",0.184602119680703,0.329695719975537,0.175834910561324,0.111911006527882,0.128719774580473,0.304810754787209,0.156136253003477,0.101276419680271,0.180614967486912,0.0887459742904967
"SK","REGINA",0.186305804073191,0.317880415435626,0.219819114086313,0.122660589659593,0.100163794331292,0.237761614978514,0.121854098005822,0.115730399069173,0.125819999699389,0.0490881591506662
"SK","SASKATOON",0.186568527467886,0.316084461028937,0.233522866106318,0.0992217515696178,0.0892848965438127,0.245882492483058,0.116702459987007,0.13450118009372,0.0976953958872128,0.0359811258989331
"SK","SCOTT",0.141575853378378,0.327325209131783,0.167478650779656,0.043090069998702,0.024190252352888,0.150400651134315,0.106446310582195,0.07358251539851,0.0209774597429945,0.00204291233926961
"SK","SWIFT CURRENT",0.112498373775279,0.220038298383015,0.123788324553974,0.0326882847940985,0.0701258757746618,0.131278695288685,0.0766410410456904,0.054373986396082,0.0142681689564246,0.0268073144997659
"SK","URANIUM CITY",0.226636368385311,0.617324470926466,0.156672506935318,-0.0621973415696857,0.20947947067741,0.118638111670192,0.177537340812213,0.0149583091330488,0.0128301642804083,0.0634931453160439
"SK","VAL MARIE",0.194227309446965,0.326571745078841,0.334300157599977,0.071068973312237,0.0976423593566787,0.161237305909161,0.0497998656826916,0.125256782927015,0.0270757762545493,0.0293922891812064
"SK","WASECA",0.182278846377519,0.337595055340396,0.197804436777051,0.130130640506317,0.114088314815022,0.219153390636641,0.109043291963618,0.105678434383935,0.167151956758315,0.0449724304009464
"SK","WASKESIU LAKE",0.460463333150778,0.780173832013621,0.361831183756864,0.439995217359449,0.405585547479386,0.334366143544256,0.159295526930344,0.0715370076417813,0.310756956717272,0.132396395256579
"SK","WHITESAND DAM",0.277978866305019,0.409948052138264,0.141111327073176,0.283250075497357,0.124888383176092,0.297183129783623,0.119557422321777,0.0262159193844498,0.305093793311354,0.0309482557887944
"SK","YELLOW GRASS",0.130023354809546,0.298735937773834,0.176440774025214,0.117049246358851,0.130574786323823,0.104780737159864,0.0845932442643514,0.0683602798975645,0.0970466274928083,0.0568243116325341
"SK","YORKTON",0.215187362816569,0.245738134467969,0.287624033429408,0.0692169689002532,0.0386023086307754,0.138746798983906,0.0329948896855066,0.0763435666302467,0.0196094232045473,0.00278647280662136
"MB","ARBORG",0.39735664551469,0.890930546681955,0.324041496044741,0.228137721599771,0.26739693616256,0.22700073196924,0.230903541960881,0.0598606151168004,0.0940019299121869,0.0644784812684412
"MB","BERENS RIVER",0.0728200861371626,0.241916251740457,0.0644412517204038,-0.0714275051211466,-0.0137234283993016,0.0523876118080413,0.0837926470400671,0.014954283469062,0.0408185028583198,0.000796812591411339
"MB","BIRTLE",0.100517785342249,0.0698111840943768,0.275780109419913,0.0792961318648005,-0.00470751169306771,0.0491934321587805,0.00380330230019438,0.120005275548402,0.0322237428548663,4.99591892934253e-05
"MB","BRANDON",0.130538054990134,0.221547189697865,0.122528829044494,0.0972912412680221,0.0756028464806814,0.164229991482859,0.0812374933235168,0.047216372101428,0.101247238176591,0.0296877846400894
"MB","BROCHET",0.389401552863092,0.729401197728999,0.58574132434147,0.119664977731296,0.0640842243705801,0.30653488643009,0.275511203183361,0.200696479598168,0.0338147633524409,0.00504312440872496
"MB","CHURCHILL",0.21565579984837,0.385082338492907,0.191159258965718,0.153392628161406,0.173138130412724,0.182254962000218,0.170402655198717,0.0584459148813274,0.100614434962588,0.0589856724627273
"MB","CYPRESS RIVER",0.273877305000163,0.519492066672511,0.348856739321298,0.110505082658977,0.203155031127542,0.180968340406805,0.119762107325163,0.0959207240341894,0.0354477293756182,0.0590088297714489
"MB","DAUPHIN",0.0864030383355216,0.192538726143738,0.118195901171349,0.0437158858325095,-0.014942389435744,0.0591810496808637,0.0451932384800963,0.0387061111957053,0.0171899157616259,0.000994866916582189
"MB","FLIN FLON",0.308773814149977,0.449063670411984,0.28901910061093,0.167138355573194,0.221455351846358,0.374982537341438,0.171522441748292,0.135455249827027,0.157533512460851,0.111471836262361
"MB","GILLAM",0.29794369479632,0.387186646412526,0.299596547376589,0.259410730300114,0.230147365067461,0.240098125919093,0.134358309595902,0.0826313293717948,0.214650401643847,0.0731239434139211
"MB","GIMLI",0.177161699331715,0.306787702470874,0.274767608245821,0.0695917626828082,0.108908910666061,0.10282069850639,0.0622266783012191,0.0764835302302775,0.0204430549909455,0.0227463764577587
"MB","GRAND RAPIDS",0.241912556099344,0.737221037712221,0.25827257113916,0.0684338164138555,0.0668742109705921,0.0974954711955998,0.167676759995619,0.0434369041742619,0.00995781915509193,0.00464564248037889
"MB","GREAT FALLS",0.129447057113054,0.329286752732763,0.245209439376978,0.0140135997565529,0.0798969791532731,0.096353464162398,0.107162636807311,0.126272719445592,0.00128942110840564,0.0188084483196633
"MB","INDIAN BAY",0.156299905765406,0.268241070577431,0.219931093313601,0.0399870766440689,0.0900622233824661,0.167236104535111,0.0885151123597425,0.118285125556753,0.0107666510176928,0.0292074055030642
"MB","LYNN LAKE",0.302364490314257,0.488920851378692,0.203318325659724,0.170004216625249,0.147085016896762,0.206366653772634,0.121726548905498,0.0303146122521999,0.0871614707981187,0.0236340802981543
"MB","MINNEDOSA",0.109306252189144,0.243071103722942,0.119211318330008,0.0341193608298172,0.013213714755241,0.122291451719445,0.108656233944754,0.0531627655357595,0.0143542872091021,0.0010776802251467
"MB","MORDEN EXP FARM",0.119359211897208,0.260601125852569,0.153360525724303,0.0572796187753402,0.0517693068668409,0.124536768850756,0.0935365813091579,0.0644648100691449,0.0254418635060428,0.0124630172218242
"MB","NORWAY HOUSE",0.163009766630794,0.247752640431193,0.210694467578239,0.112346626395255,0.0672975730609617,0.253216725242811,0.126783956376652,0.146301111548146,0.101424063403631,0.027254927489259
"MB","PIERSON",0.210623379875149,0.526721054542498,0.229964151981387,0.0353591276100944,0.118005455194354,0.173508747385872,0.155171954650006,0.0682110750476157,0.00652045047144324,0.035427450383693
"MB","PINAWA",0.230451299380839,0.283661100803959,0.287107809348753,0.11179048837378,0.13557715157953,0.284712803661101,0.0866188776901789,0.16443042664002,0.0777306286975205,0.0576535097374027
"MB","SPRAGUE",0.205897941427009,0.340053863970525,0.207666340591798,0.0963010078630028,0.206483107177965,0.267531064668294,0.120132769057951,0.107766686038725,0.0720663842365899,0.143365165413602
"MB","THE PAS",0.197594518711756,0.256934362916188,0.164422964942624,0.155403747589305,0.181050692369706,0.26981781536101,0.0819001538091808,0.0720985045666361,0.170320265222886,0.112376013516703
"MB","THOMPSON",0.282546397924566,0.583145258103244,-0.0224249699879948,0.269915966386554,0.3508660945919,0.123240304137842,0.120680678838245,0.000248726283558134,0.122899768899054,0.0873548203666061
"MB","WINNIPEG",0.181883563285836,0.318823075465366,0.186527515531212,0.082511204619294,0.148019699124864,0.296137246107995,0.189194233872248,0.122903092726765,0.0891293779103964,0.120301818704061
"ON","ATIKOKAN",0.0679685330555701,0.154235569039403,0.108230025758146,0.170431874994172,0.0616778089281841,0.0385480805949215,0.0373522141518101,0.0369132734747816,0.182094957916144,0.0138764201025569
"ON","BEATRICE",0.0625063474412116,0.0581253561731082,0.0941511488741241,0.0183765873459542,0.0572340424059427,0.080389407227222,0.0143034775884607,0.0623470213350332,0.00628981676090716,0.0466330947945948
"ON","BELLEVILLE",0.170969770951917,0.196036315385041,0.16374618741804,0.147654576875229,0.165130300567849,0.286512722980895,0.0670939156637938,0.123850613650652,0.17776603354266,0.190365745663994
"ON","BIG TROUT LAKE",0.272174841283218,0.337626606139283,0.413108166004253,0.136513996611188,0.10765736146811,0.228507623324334,0.118640532047751,0.172362271588082,0.0782014570330317,0.0205780293149735
"ON","BROCKVILLE",0.177594872071573,0.253980294671268,0.121598572308469,0.143412172671576,0.16618722129586,0.307244409319925,0.130163572499318,0.0733772780789861,0.183475548649545,0.196126391330354
"ON","CAMERON FALLS",0.132035107196638,0.136123158240359,0.176309559132117,0.109993912138409,0.121569619660594,0.156643602821032,0.0302721202410342,0.0908874804725068,0.0864613999436313,0.0629624907759044
"ON","CHAPLEAU",0.150661249197494,0.0763639999488291,0.133800863971527,0.0747328790677962,0.0725793446984101,0.158051031506837,0.0123455240741184,0.0492050632140929,0.0421205744482075,0.0235051964616275
"ON","CORNWALL",0.311293202392888,0.383509553449318,0.257717398033603,0.28243188024154,0.260159244324755,0.393350181506294,0.154004101543907,0.132219549454319,0.292660497189078,0.206115615755861
"ON","DRYDEN",0.19232195120425,0.334792820634293,0.204447486180576,0.0908626701486656,0.106326157288962,0.230273340980717,0.137483768599694,0.108475612984886,0.0480490027759835,0.0395389029798125
"ON","EARLTON",0.178319580785151,0.190805868664696,0.217745861733203,0.139970788704966,0.153365015930271,0.187265086257749,0.0514270309199754,0.0968993959015516,0.101737931581153,0.0763832794232646
"ON","FORT FRANCES",0.129252717838776,0.260341126289025,0.149892061358179,-0.00726580086580068,0.0956128448665756,0.108880306317562,0.0776851014752981,0.0571386027883153,0.000316102781426899,0.0376753151417741
"ON","GERALDTON",0.201896392229423,0.309666975023136,0.11019888991675,0.164431082331174,0.151827012025911,0.0621740696760349,0.038381325876567,0.00615375986258646,0.0445228981749453,0.0191729456597809
"ON","GORE BAY",0.130511046479798,0.159806757881266,0.155827503899927,0.139366479392746,0.157774816727664,0.17864243369401,0.0558166025447728,0.101524134075366,0.145123493951568,0.158045877366624
"ON","HALIBURTON",0.0897048382044787,0.128574126736102,0.0675206191988085,0.0775364328227832,0.110688895949628,0.162003465533998,0.0620882249315051,0.0318217268000836,0.104029896462221,0.15350884460375
"ON","HAMILTON",0.167315101164829,0.213464001251694,0.181227385864305,0.143129245892904,0.12337558445528,0.410688981808427,0.186464889969762,0.227962675545389,0.260904240549159,0.164087471614357
"ON","HARROW",0.101904243430622,0.0865773942162329,0.187481544449914,0.133655213663498,0.0698676572004048,0.123113541544656,0.0169330152191903,0.158865700853942,0.152362920905814,0.0328612880747649
"ON","HORNEPAYNE",0.145692122725124,0.0924482296285004,0.188898800093046,0.123460005885581,-0.116859911228962,0.0892972390404096,0.00718461718940994,0.0604321228674028,0.0397356155974352,0.0162258528316559
"ON","IROQUOIS FALLS",0.0441526976472549,0.073293475368536,0.0781928063683097,-0.0414361624310309,-0.0386444935769191,0.0109765916678243,0.00716722398845108,0.013963595433905,0.00794200457186748,0.00453026939664975
"ON","KAPUSKASING",0.201361954585309,0.22763677210181,0.257662337662341,0.125120593692026,0.173223519522053,0.290847653834775,0.0946183193242752,0.184298904391797,0.11251187255374,0.108939001318964
"ON","KENORA",0.157005817966495,0.219309064833285,0.194260262399265,0.084879451520664,0.121199822047697,0.199348807076086,0.0848472801721697,0.117242516540031,0.0574067705427286,0.0648899162641762
"ON","KINGSTON",0.18182031020433,0.219410114261984,0.20948381882984,0.155209809665859,0.131126111695386,0.475998229989009,0.175622362666787,0.324846037049603,0.305415309441266,0.274321003358409
"ON","LANSDOWNE HOUSE",0.169745959772795,0.241036343594634,0.295598020967215,0.045835313477512,0.073946694171694,0.0975960850732467,0.0631761641936847,0.0935899325357709,0.00989623766065661,0.0110035361243722
"ON","LONDON",0.157966865144455,0.160240269214035,0.145588484219528,0.149683261780655,0.156537782546831,0.394430114711712,0.109929163043496,0.165865580421176,0.274988896553882,0.289770927753316
"ON","MADAWASKA",0.105517809347332,0.111030107613062,0.0532254950611864,0.155313074320826,0.1115687327437,0.12425934846339,0.0256357542723088,0.0100873940464189,0.217380895929518,0.0879918768949884
"ON","MINE CENTRE",0.13721164349819,0.306548702736278,0.167216476440452,0.0102759258308819,0.102590731418549,0.141424494832779,0.117931183108435,0.0806976375130433,0.000775486848390781,0.0429072530106947
"ON","MOOSONEE",0.0283218795348183,0.100782959976356,0.0595010401733559,-0.0479857168426803,0.0310432500939869,0.00987962755775815,0.0307326697848351,0.0156338602135236,0.024921322910533,0.00670092925404258
"ON","MORRISBURG",0.207457847647943,0.236926091825308,0.221283820395189,0.227939529675252,0.1454524661879,0.365116758690439,0.103822790777724,0.182399829791513,0.358465906414264,0.140332105863763
"ON","NORTH BAY",0.160671361500226,0.172199523323119,0.215876381767538,0.101546264661338,0.0832445689530901,0.193999484336099,0.0592856648501291,0.121778967441079,0.0618997922384423,0.0329158692982322
"ON","ORANGEVILLE",0.069818972788061,0.110237778731364,0.1202096390186,0.00936661829124711,0.0524872817568437,0.120596648868399,0.0544226845595178,0.109858622397609,0.00141228472771879,0.0395742315071198
"ON","OTTAWA",0.153269492887848,0.245147408899467,0.147710535658226,0.076963353781359,0.133820805169215,0.331790133152799,0.184638875639501,0.128685397322094,0.0937353399429256,0.198683414310841
"ON","OWEN SOUND",0.0920733986366242,0.131938504902526,0.102764964384849,0.0751994346880649,0.138412504017974,0.134029793485934,0.0681689527866337,0.0704747299282441,0.0724125847480538,0.185484632383382
"ON","PETERBOROUGH",0.211060200215282,0.313110149377577,0.208792065330903,0.13213461791779,0.135793138607187,0.517255447429728,0.268183612055432,0.261995159370995,0.222400017246043,0.2277023842242
"ON","PICKLE LAKE",0.152025835858495,0.280138274580106,0.378838651154011,0.155259113076149,0.116770040275191,0.0878828591924551,0.0822806492886705,0.171893698940856,0.0953548311257722,0.0285971738812314
"ON","RED LAKE",0.316047156726768,0.629683257918552,0.18938954366325,0.13370319001387,0.316494597839136,0.165084014756758,0.1291948291217,0.0200079299795008,0.0267941627974552,0.0879164999535447
"ON","RIDGETOWN",-0.000270552161671172,0.00757596708903299,0.10778662101444,-0.0518121734400803,-0.00441771592694116,9.21593894203329e-07,0.000121600136945039,0.0535038629422829,0.0224382549269288,0.000141065538700377
"ON","SAULT STE MARIE",0.226783737211937,0.284774132798438,0.2350535266816,0.244507225016412,0.158074323834534,0.221747318062277,0.0835306633103454,0.0919346373514134,0.193696765637013,0.0862480410136568
"ON","SIOUX LOOKOUT",0.217044950965469,0.195896964224104,0.263057964581819,0.187203636511041,0.164057022079409,0.275512072695167,0.0564623701166545,0.157501092695001,0.16054118358983,0.0879834192597891
"ON","SMOKY FALLS",0.202754576813023,0.303519151012438,0.336223818855504,0.0583687691267304,0.0626160540900654,0.174331337486321,0.0924957211762857,0.135567929789667,0.00987162057086759,0.00739060749177693
"ON","SUDBURY",0.215697685808884,0.288347191938889,0.282110923627647,0.139650537930304,0.128837935439104,0.220873523965583,0.0871065497400787,0.133767224908472,0.0721072147947494,0.0475513381943374
"ON","THUNDER BAY",0.197025390793039,0.254639654284032,0.234168797515059,0.170198338314433,0.158323610866939,0.435275355438027,0.174446926168962,0.312140080140979,0.378571361705283,0.21416571314013
"ON","TIMMINS",0.266372884611881,0.436251920122887,0.237314597970336,0.194177935584597,0.231124006167104,0.24340339103402,0.144666646201696,0.0685458711435633,0.113870562159038,0.09020097647901
"ON","TORONTO",0.211418551607461,0.219571724404038,0.237903235012752,0.190644057270845,0.203927495896016,0.554417432805801,0.209261427046916,0.380198175266754,0.404473282700073,0.412209349347435
"ON","VINELAND",0.0907241659886092,0.0577122723725733,0.13323939787121,0.0812786711002691,0.0437514664210468,0.0898640185229799,0.00785220258854215,0.0806348213334761,0.0445777538444861,0.0128818198509905
"ON","WAWA",0.183275223508025,0.184787190972841,0.183528464983958,0.123428209041659,0.222593045324412,0.148867729557793,0.0434953137046222,0.0689891716022506,0.059178224902906,0.154045189839781
"ON","WELLAND",0.0750868171497253,0.170894978903665,0.12335281847373,0.0327601422523827,0.0675139657936688,0.103549445433944,0.114472586876936,0.123896960411026,0.0155004164646633,0.0551318555020359
"ON","WINDSOR",0.180556285819447,0.188311688311691,0.232609495767394,0.158867448341135,0.145985593354017,0.229436682047268,0.0551307679405164,0.148228858069963,0.1230659644385,0.0961948811552861
"ON","WOODSTOCK",0.114166376510205,0.123635384722809,0.144051969357591,0.0991257966775767,0.122279653219835,0.260265352277574,0.0608867929140967,0.159288446969979,0.170551035774638,0.192522323398851
"QC","AMOS",0.0185402023281141,-0.0727186917703268,0.0571231539258028,0.0794515425382878,0.072687997379362,0.00371355284008022,0.0130034934600703,0.0114900497810406,0.0573968121955693,0.0286734756583272
"QC","BAGOTVILLE",0.224360818687004,0.288463171362339,0.250460839102863,0.202949197742843,0.198503334450614,0.528473547337807,0.277822494397201,0.343463412222554,0.440259338645655,0.352706697707239
"QC","BAIE COMEAU",0.269919978587121,0.393804633506223,0.244864614964327,0.193948992370833,0.263629384103175,0.166596154567312,0.107430274611709,0.0692168822026877,0.158041566434612,0.168899028549909
"QC","BEAUCEVILLE",0.119431597342532,0.2395203506115,0.135805963839387,0.0741227905144728,0.0591012764882427,0.157217357041915,0.129318145920108,0.0922700643336432,0.0649878802543233,0.0291616637874571
"QC","BELLETERRE",-0.101803729746255,0.00766192334229974,0.137312897088912,0.128654750097029,-0.119510831027974,0.0242509840119937,3.70556880398199e-05,0.0157673531564295,0.0258747044000757,0.0206208989412356
"QC","BROME",0.153007198152248,0.120119889701475,0.179538496095944,0.210362961836933,0.123115678872348,0.428693779579166,0.0574891551613487,0.210238431018734,0.446990161063924,0.198243828533137
"QC","CAUSAPSCAL",0.128197030954703,0.210269013347462,0.10838235315494,0.0425390379393848,0.153340236709637,0.155194488081696,0.103171187879878,0.0494254983391519,0.0188932238537386,0.148319407940535
"QC","CHELSEA",0.141521521197433,0.237444272150408,0.231672510697356,0.065353039980125,0.0420062073021025,0.173420713992462,0.0910371375377972,0.155289698151872,0.0297671947754235,0.0128809828875194
"QC","CHIBOUGAMAU",0.196311604632723,0.25763792513928,0.276064250745638,0.135964143437884,0.131220292195398,0.292955419621666,0.135739586557483,0.172051986714987,0.152684861077081,0.0853088849276601
"QC","DONNACONA",0.202004400921899,0.278644344172233,0.17792437212747,0.183891356828393,0.17355190396028,0.399157570826823,0.168239097877273,0.138216882097504,0.317654440647719,0.204112385709488
"QC","DRUMMONDVILLE",0.223785929096001,0.231760207648523,0.204973537869378,0.219669058080907,0.168340519299201,0.407277305033701,0.117133627603526,0.170228415730526,0.384484421222311,0.20070753328972
"QC","GASPE",0.235061099599844,0.346512932984074,0.236144462045586,0.115084887873099,0.172211257054136,0.454469849138433,0.292789282584731,0.16866587756529,0.0959522318392949,0.242190418532532
"QC","ILES MADELEINE",0.223031628490158,0.225118033277495,0.238327708737782,0.243032974489604,0.202228013968636,0.342254865302411,0.106171452415125,0.196885673280336,0.332243570826261,0.246232463256874
"QC","INUKJUAK",0.194856448519295,0.312705444926424,0.0428230328812961,0.351180946871441,0.223289322927601,0.103039815968835,0.116777213127324,0.00292249720947928,0.282804094357946,0.164341634169579
"QC","JOLIETTE",0.222188378432132,0.344474400067136,0.2378724472599,0.0512081685846866,0.154104412454236,0.445534014162442,0.249307904010547,0.21302734509982,0.0288639835787841,0.165319050002388
"QC","KUUJJUAQ",0.243678034872246,0.185233137958184,0.189055817523849,0.280115475461464,0.295547196220803,0.135796027838468,0.0191480963705896,0.0314140011732605,0.265302832611321,0.155559187854694
"QC","KUUJJUARAPIK",0.28769202363694,0.257637571953019,0.244062507391569,0.291597601099496,0.249461997385244,0.255270699500079,0.0771419658327987,0.0818054596074842,0.247788551261548,0.189457519472977
"QC","LA POCATIERE",0.176054839853445,0.325112169407884,0.143134485918573,0.0740449983594059,0.182767039953212,0.363312972933056,0.275613349395819,0.111409187112302,0.0731771439545933,0.244489571950082
"QC","LA SARRE",0.0700511742976203,-0.159508263619668,0.333657393940321,0.267482613822981,-0.302684742703611,0.0098947024400257,0.0151527565509005,0.0820755159921261,0.114503638765596,0.101916984549849
"QC","LA TUQUE",0.080581013177326,0.155865709313449,0.0519290098196851,0.0394689360715657,0.0692426511028304,0.0830670209773229,0.056446291424102,0.00991585872340172,0.0166995447079631,0.042826884892169
"QC","LABRIEVILLE",-0.0679760461966189,-0.454617534539831,0.0886330151169653,0.100275316183428,-0.203406289684022,0.0103987100992264,0.0750043388052358,0.00599380781789261,0.0120493208079683,0.0341276888881106
"QC","LEBEL QUEVILLON",0.13003095975232,0.400888585099124,-0.11862686776078,0.249129115630981,-0.355705903484598,0.0082598649092053,0.0306350108245208,0.00497556519980534,0.0438018358661215,0.0491493208191849
"QC","LENNOXVILLE",0.142927010195948,0.260665838631541,0.162877992469818,0.0868785229463687,0.114539525794123,0.252892613008808,0.131364679073248,0.116658795461635,0.0973618305240037,0.113163334401756
"QC","LES CEDRES",0.147445902365771,0.283170705229777,0.255014572223661,0.103544197422222,0.152155938021259,0.200938005581304,0.144413849660188,0.238246990151749,0.0908603321635792,0.149463239170947
"QC","MANIWAKI",0.0789705328613241,0.180753843248601,0.126877917696831,0.0387083856421204,0.0565465324773884,0.0646316628144653,0.0625594727355036,0.0541386068421422,0.0102091045196773,0.0238399814069338
"QC","MONT JOLI",0.175619681277259,0.323204464039052,0.151062481041436,0.109247035884463,0.12957233536533,0.471080730451855,0.373798289274773,0.201800645077035,0.207561390323679,0.225386320578642
"QC","MONT LAURIER",0.100047548671348,0.0653647987833586,0.136414094966843,0.027411567045576,0.0096683480842018,0.0648088707005458,0.00664364478016267,0.0502045821766016,0.00526970184206534,0.00040788586893571
"QC","MONTREAL TAVISH",0.207162263878408,0.264455782653985,0.219153890971529,0.133752203013713,0.199876757746868,0.565586268870155,0.281283280839991,0.310912965940052,0.318357101089102,0.420551463038634
"QC","NATASHQUAN",0.190193248040883,0.199128082404183,0.153529870506388,0.20604439443907,0.164879681218381,0.299222333118768,0.0883829464234067,0.0799386677902688,0.407381009582685,0.230684216394786
"QC","NICOLET",0.0541722246924579,0.14341034052846,0.118678732998984,0.025260259558969,0.0739278898281388,0.0323404711228321,0.0470313463424353,0.0673069034458241,0.00898489327818921,0.0469985716561469
"QC","NORMANDIN",0.0972031724559471,0.190875511569716,0.127945668723762,0.0342723034010021,0.066465056138559,0.0723608582406654,0.0580230998757964,0.0338354670016567,0.00730496623705331,0.0192056821930172
"QC","PARENT",0.107439677899222,0.163581950047756,0.0899286083274549,0.02013452242559,0.063217083016653,0.0690337794641142,0.0340020795253429,0.0185293604340004,0.00221715758644841,0.0152191032376928
"QC","QUAQTAQ",-0.124941310617741,-0.194008275423057,-0.598489841533679,0.0383077352694786,-0.0661439076910548,0.0171563470829095,0.00907382430419668,0.188942750535618,0.00240991246641612,0.00365061808729843
"QC","QUEBEC",0.0787842948836395,0.132286427284704,0.113004862445826,0.00225407991769976,0.0750346015682277,0.164498953097502,0.0897547474070304,0.109568664434151,0.000135089460488905,0.0994726516362777
"QC","ROBERVAL",0.243678150582217,0.469497015798215,0.239384421622834,0.123262938533385,0.221127634727826,0.423019909128922,0.361526277250645,0.167229843884336,0.142358743789045,0.214596632467013
"QC","SCHEFFERVILLE",0.175470509994082,0.0836070946225625,0.0948945515057424,0.274133612140825,0.293151659470195,0.085274368303796,0.00475961106262493,0.00997762181608255,0.237447571855404,0.187774273728302
"QC","SEPT-ILES",0.0771098650365225,0.140287547821796,0.0479143527088738,0.0037331852400345,0.111381297109934,0.0347512882673319,0.0225542770964182,0.00505737233887756,8.66902182691663e-05,0.0652179897288283
"QC","SHEENBOROUGH",0.221483846967598,0.311681261293897,0.194961617509537,0.177453334091408,0.203850185868068,0.399603790179799,0.192413844812317,0.144653658371103,0.253193419487185,0.257373810822624
"QC","ST JEROME",0.188200891303616,0.395505211471426,0.193335463393263,0.0776463701991616,0.105275816311123,0.230485001051938,0.208596271485285,0.109357984983117,0.0408945385597269,0.0532342939956731
"QC","STEROSE DEGELIS",-0.0181997572748102,-0.0897582708583113,0.0959351198839464,0.0156272035692097,-0.0709574009743516,0.0028430073221721,0.0111460650265043,0.0210731736144418,0.00138681530620889,0.0174569061390249
"QC","TADOUSSAC",0.0390851079027051,-0.00469987778677271,0.0692094598929338,0.0710878648555558,0.0909060237898202,0.0212867203358265,7.62897549188299e-05,0.0275896440596459,0.052830705912771,0.0689185192938565
"QC","TEMISCAMINGUE",0.0931818841963099,0.198163856678564,0.11220803368225,0.0869372963968298,0.0868134979709093,0.0949698583918453,0.0975279417375199,0.0534748055566702,0.0611245802542906,0.0509035954865908
"QC","TETE BALEINE",0.080683383894746,0.188244875040239,0.0266880251183607,0.0928523080923892,0.0417223489680757,0.0527082362945503,0.0588862286097994,0.00284164763670587,0.0844827893873608,0.0143396276125886
"QC","THETFORD MINES",0.205852605755859,0.180517820315131,0.225508786072022,0.230668711094385,0.152825860300638,0.400114815932933,0.0793528766313767,0.177261365236763,0.391431168403712,0.133863909301898
"QC","VAL D'OR",0.180444781198495,0.226174518911746,0.129963503649635,0.155061945020475,0.161970628189205,0.147529439873452,0.0500322257157726,0.029125771519702,0.0806311054546336,0.0635224598099056
"QC","VILLE MARIE",-0.0367674997653137,0.087832896975918,0.0494738244228837,-0.0990557148100001,-0.0818405335307067,0.00852303675601875,0.0112706879068385,0.00683992657075506,0.0428359921504089,0.0256464998529726
"NB","AROOSTOOK",0.132877627556071,0.220263043203765,0.236727460146663,0.0281974359107558,0.134416126816772,0.149831329260608,0.095713335892199,0.17619527881455,0.00643325719439711,0.126976132738168
"NB","BATHURST",0.150406496076532,0.253436060070282,0.150417781569103,0.0765675241157557,0.123768112340511,0.278154376358293,0.14806763564498,0.105303896662518,0.0529567238856665,0.124123643190177
"NB","CHATHAM MIRA.",0.187368250591603,0.273123297617064,0.172269166577243,0.152108842916147,0.154766241553843,0.533467837648641,0.308311177821042,0.25338738642602,0.366813629170219,0.314653743208099
"NB","DOAKTOWN",0.197093626357486,0.112095185564567,0.193880776077818,0.36165861971031,0.165668759053604,0.138257465407162,0.0156728871064409,0.0685772738345627,0.362660521009931,0.0810770704257496
"NB","EDMUNDSTON",0.127118929080457,0.147079985300312,0.142602575420432,0.127756145024645,0.0866390339932157,0.170727037594757,0.057205229461855,0.0819274355727765,0.152957965318717,0.0537668413398386
"NB","FREDERICTON",0.147018248407392,0.224249924084852,0.122859592625499,0.106977143864166,0.1260404132655,0.453459453761445,0.238569716186319,0.162680994677581,0.283674367801844,0.253513377188318
"NB","MONCTON",0.124067055673761,0.163482757228608,0.0540250481161382,0.115255910293051,0.138967652790427,0.289299258826636,0.11343732172138,0.0276025894056257,0.239580765234043,0.208935334171065
"NB","REXTON",0.058834652018641,0.101755160995789,0.119655622497793,0.0576146778624304,0.0459000671394269,0.0376156241817978,0.0240397850660991,0.0601929186936165,0.0281839872715692,0.0127086221717313
"NB","SAINT JOHN",0.0892237786987249,0.0701034279931436,0.0827625202806521,0.139098410856461,0.0692057956048295,0.201788537613898,0.0317880362511625,0.0887467047799487,0.434079309816526,0.0954197941219735
"NB","SUSSEX",0.261831161218919,0.307974858907427,0.250004271021962,0.270093484528476,0.222736047736048,0.547868151911286,0.230577883729679,0.325333360952794,0.531056070215214,0.351013566005839
"NB","WOODSTOCK",0.0818929673786584,0.170712142277335,0.0220588077269848,0.0573888424866623,0.0453260671892284,0.114105366187048,0.0642145920534292,0.00265237831928326,0.0432302642750958,0.0213421565669644
"NS","ANNAPOLIS ROYAL",0.0653872661244419,0.281532788292405,0.0670197583845748,0.0516701286683278,0.0910416883993341,0.0492122867461208,0.177827926651468,0.0237630589816225,0.0280451539419539,0.0636101852889572
"NS","COLLEGEVILLE",0.138137297972207,0.164457302545546,0.183394283567743,0.156647846379713,0.111362542413435,0.243140886352493,0.0806694394790787,0.155439229364245,0.220943941451589,0.100036493201251
"NS","DEMING",-0.0265744197395848,-0.114626156820784,-0.0604259724923517,0.0779850771351859,0.0431662076638273,0.00931029453353499,0.0456449769045184,0.0340792354127143,0.0598533949917432,0.018645879170598
"NS","GREENWOOD",0.173001422475107,0.166031294452348,0.16674253200569,0.203812233285917,0.175106685633,0.241252480523878,0.0674238915584489,0.105442536326365,0.293033328189869,0.158135759724501
"NS","HALIFAX",0.108038452197007,0.10716599970719,0.0664434607815136,0.130616257054321,0.119068152544421,0.331810223281391,0.0925731218793141,0.0725830654552472,0.368396706460666,0.273345863878605
"NS","KENTVILLE",0.158584230556209,0.227846061171462,0.135054156159444,0.133740764151508,0.147467785127519,0.371469133668707,0.188760273442048,0.127293467343661,0.210190744695928,0.240757206596451
"NS","LIVERPOOL",0.0838404663456216,0.100991488713184,0.127930275145802,0.175303525113525,0.0536419104866763,0.0629931505786055,0.0225471636522919,0.0573366850760678,0.177427856938803,0.0173450317600954
"NS","NAPPAN",0.138969932473065,0.2259255307799,0.114225708639885,0.0946335218179874,0.12952846639815,0.274666343292374,0.148959795359659,0.0859483630184861,0.138603590786582,0.180112911107025
"NS","PARRSBORO",0.203008443260766,0.296970100714022,0.174829542397246,0.176915508577898,0.195634946226864,0.4499535272193,0.286308819458575,0.196139750041752,0.40665084964977,0.382135892088971
"NS","SABLE ISLAND",0.109687936845026,0.152720270304144,0.12128959075557,0.108248501051881,0.105500389496428,0.233669035215473,0.188178294110567,0.178332517512149,0.150877511977472,0.163730235082632
"NS","SYDNEY",0.0511214499901438,0.0770799520657351,0.0284834195777745,0.0596940363367353,0.0383841668224547,0.0749269853148471,0.0401388707682316,0.00977605666715781,0.0726048131075855,0.0303343746932979
"NS","UPPER STEWIACKE",0.102677997584878,0.176870845343219,0.0821193996151482,0.0727759613090159,0.069416539294449,0.162143919086561,0.103888610358325,0.0416258231693351,0.0701163957507397,0.0659999921087852
"NS","YARMOUTH",0.0978681583069125,0.0921586626454143,0.0906544587984787,0.118028539266128,0.100570468468111,0.286597875946838,0.0877614702224789,0.138586956042401,0.354899352635067,0.217042033375317
"PE","CHARLOTTETOWN",0.0686857829200823,0.115966947756618,0.0675997488263572,0.0427721124698136,0.0531597307243259,0.123011459311244,0.0787861898599212,0.0473570502341859,0.0455948098016527,0.0552610850516837
"PE","MONTICELLO",0.282726736904149,0.246467755797768,0.413081080692316,0.245406913812886,0.205794592205118,0.220998862675498,0.0671997607045527,0.165027279534544,0.105772669117193,0.0724924012153113
"PE","SUMMERSIDE",0.0376526530785936,0.116714299106082,0.0946151363199587,0.0397866723162941,-0.0707946305024549,0.0111964685853716,0.0252801527719312,0.0247709892525854,0.0093839428518384,0.0230326133353051
"NL","BATTLE HARBOUR",0.0613726490658919,0.17716698815736,0.0657131092385167,-0.0227677579934893,0.0271003673369526,0.0389970914763326,0.0610169899546112,0.0240539392472193,0.00309881917623577,0.00660740672603231
"NL","BAY D'ESPOIR",0.212278876170651,0.257905550374955,0.117507712648746,0.210462232243509,0.341087949633383,0.0709032856421733,0.0423242254253847,0.0138486737901303,0.147758892498006,0.231947376345989
"NL","CARTWRIGHT",0.144224181123254,0.0442530527500868,0.112626318439115,0.208544836139047,0.149391966107014,0.0868677475938295,0.001665580368166,0.0240348998229686,0.209804843678758,0.122980677131593
"NL","CHURCHILL FALLS",0.397002900827187,0.331873430693298,0.174892303149264,0.303482087292294,0.632847133518673,0.200297962196177,0.03713008167983,0.0173849812930566,0.217325598326067,0.395542483135607
"NL","CORNER BROOK",0.166960277690782,0.164222807491025,0.113280918159326,0.178654793141918,0.151510505442873,0.192047634409635,0.0447458456203214,0.0391296264848421,0.174100285342261,0.14546466161127
"NL","DANIELS HARBOUR",0.0678809081564607,0.0554679540051431,0.0563012173553583,0.173780917609622,0.143977001281283,0.0154764556462038,0.00277145986012971,0.005804880214378,0.136911859324436,0.0824783326284469
"NL","DEER LAKE",0.126305647584701,0.193932102858918,0.135593488525171,0.0865258282398919,0.0203391047129854,0.116171032798951,0.0552392425073848,0.0501962643902675,0.0475118155740353,0.00286296766638742
"NL","EXPLOITS DAM",0.148493145462041,0.0334861082944677,0.10437249184906,0.298722137990698,0.186153846153846,0.0576313697564607,0.000631573764156065,0.0120213696171813,0.229373501590402,0.084342544931207
"NL","GANDER",0.104158926792063,0.084235818096586,0.123851383028599,0.110592146538893,0.104910923581803,0.0841008577031309,0.0150504962342264,0.0511337965651905,0.056949132227647,0.0611008656713137
"NL","GOOSE",0.118701298701299,0.0548872180451127,0.0843882433356116,0.172795625427204,0.142406015037594,0.0542883752585974,0.0022834234999761,0.0123512815584587,0.142390586815206,0.0760958972397888
"NL","GRAND FALLS",0.0915496141789235,0.139510077953388,0.169452255756468,0.0626307233214086,0.0782200839209973,0.0361058358844115,0.023302266220347,0.0626787458880092,0.0170509905851508,0.0242010164930964
"NL","HOPEDALE",0.14689048659476,0.12376222809097,0.053465719115822,0.212234582464611,0.215702492569255,0.0791740982860501,0.0130898193732991,0.00532749517751937,0.175201412548981,0.179939969036374
"NL","NAIN",0.613136296166945,0.771796580057726,0.186167615947927,0.275894866998503,0.771571423457398,0.284138388395714,0.131822695049719,0.0167620891753708,0.129528525865436,0.348040100741254
"NL","PLUM POINT",0.41938971648249,0.690110995607125,0.210654160401264,0.44699486559952,0.470919200388332,0.212751835202634,0.163800397985305,0.0309255969151744,0.318313843440568,0.30826191905765
"NL","PORT AUXBASQUES",0.129945862436644,0.216139120338257,0.101864803486963,0.131993980072942,0.112928906986498,0.246296723343752,0.189242346320343,0.0822141394902162,0.208593154172038,0.160686248076344
"NL","ST ANTHONY",0.0553223902031261,-0.115858059173,0.0565570322704452,0.132668031554853,0.0860036263912761,0.013681893055875,0.0110416332276103,0.00637930921804305,0.0603957955040973,0.0364038661206003
"NL","ST JOHN'S",0.0634499248607099,0.0881046088152945,0.0241497768983107,0.0842100902524709,0.0542928740739446,0.125219645606578,0.0611931815951557,0.0071227077769706,0.0921447677389419,0.057412211552477
"NL","STEPHENVILLE",0.114566058227142,0.170259448817368,0.122725110081428,0.115542367641476,0.0899683301620711,0.180924272001139,0.115972917929343,0.0695341559123289,0.171442369459015,0.0937994730576588
"NL","WABUSH LAKE",0.384545259465897,0.389583685859474,0.263998492470049,0.361744096783319,0.410853537920785,0.236049472027152,0.0827407874246689,0.0516152649945533,0.322946878155693,0.206088258520926
